word,verdict,definition,suggest_instead,marks,note
aedes,name,,,,taxonomic genus of mosquitoes; capitalised in use
alcaic,noun,A line or stanza in the Alcaic metre of Greek lyric poetry.,,,
alhaja,noun,A jewel or precious ornament.,,,from Spanish; rare in English
amie,noise,,,,French for a female friend; not naturalised
ammonate,noun,A chemical compound formed by the addition of ammonia.,,,
anglomania,noun,Excessive admiration of English customs or institutions.,,,
appa,noise,,,,unclear sense; South Asian usages conflict
argentum,noun,"Silver, especially under its Latin name, the source of the symbol Ag.",,,
ascetism,variant,,asceticism,,
atticism,noun,"A concise and elegant turn of phrase, in the manner of Attic Greek.",,possible name,
avion,noise,,,,French for aeroplane; not naturalised
bafana,name,,,,from the South African football team nickname
bandido,noun,"A bandit, especially in Mexico and the American Southwest.",,,
beduin,variant,,bedouin,,
belga,noun,A former Belgian monetary unit worth five francs.,,,
bhavan,noun,"A building or hall, in Indian English.",,,
bigener,noun,A hybrid plant or animal whose parents belong to different genera.,,,
binghi,noise,,,,dated Australian ethnic slur
brei,noun,"A guttural pronunciation of the letter r, characteristic of some South African speech.",,,
brierroot,noun,"The root of the brier, used to make tobacco pipe bowls.",,,
bushfowl,noun,An African game bird of the francolin family.,,,
cambogia,noun,"Gamboge, a gum resin used as a yellow pigment and a purgative.",,,
camize,variant,,camise,,
caritas,noun,Christian love for others; charity as a theological virtue.,,,
carolus,noun,An English gold coin struck in the reign of Charles I.,,possible name,
cesar,name,,,,personal name
challie,variant,,challis,,
chaqueta,noun,"A jacket, especially one of leather worn by cowboys in the Southwest.",,,
chartography,variant,,cartography,,
christology,noun,The branch of theology concerned with the person and nature of Christ.,,possible name,
ciliophora,name,,,,taxonomic phylum of protozoans
claddagh,noun,An Irish ring showing two hands clasping a crowned heart.,,possible name,
coburg,noun,A round loaf of bread with a cross cut in the top.,,possible name,
comake,noise,,,,no attested noun sense
coth,noise,,,,notation for the hyperbolic cotangent function
crenshaw,noun,A large melon with sweet pink-orange flesh.,,possible name,
crimmer,noun,A grey or black fur made from the pelt of a young Crimean lamb.,,,
crowboot,noun,An Inuit boot made of caribou or sealskin.,,,
cuprum,noun,"Copper, under its Latin name, the source of the symbol Cu.",,,
dateset,noise,,,,apparent misspelling of dataset
declassee,noun,A woman who has lost her former social standing.,,,
deil,noun,"The devil, in Scots usage.",,,
deutschemark,variant,,deutschmark,,
deutschmark,noun,"The former basic monetary unit of Germany, replaced by the euro.",,possible name,
digresser,noun,A person who digresses from the subject at hand.,,,
diplosis,noun,The doubling of the chromosome number at fertilisation.,,,
dixieland,noun,"A style of jazz with collective improvisation, originating in New Orleans.",,possible name,
doberman,noun,"A breed of large, powerful, short-haired dog used as a guard dog.",,possible name,
dogbox,noun,A compartment in a railway carriage with no corridor access.,,,
dompas,noun,The identity document black South Africans were required to carry under apartheid.,,,
donnee,noun,"A fact or premise taken as given, from which a story or argument proceeds.",,,
dracena,variant,,dracaena,,
draggee,variant,,dragee,,
duro,noun,A Spanish silver coin worth five pesetas.,,,
episcopalianism,noun,"Government of a church by bishops, or adherence to the Episcopal Church.",,possible name,
erugo,variant,,aerugo,,
eupatrid,noun,A member of the hereditary aristocracy of ancient Athens.,,,
feathercut,noun,A short hairstyle cut in light overlapping layers.,,,
feringhee,noun,"A European, in dated Indian usage.",,,historical; can read as pejorative
frankforter,variant,,frankfurter,,
gesellschaft,noun,"A social group held together by impersonal, contractual ties rather than kinship.",,,
gestapo,noun,"A secret police force using terror and surveillance, after the Nazi original.",,possible name,
gipon,noun,A tunic worn under or over medieval armour.,,,
gladstone,noun,A light travelling bag hinged to open into two equal compartments.,,possible name,
gravitater,noise,,,,nonce agent noun; no dictionary sense
gutser,noun,"A heavy fall or a complete failure, in Australian usage.",,,
haematoxylon,name,,,,taxonomic genus of logwood trees
haeres,noise,,,,Latin legal term for an heir; not naturalised
haplite,variant,,aplite,,
heredes,noise,,,,Latin plural of heres
heterism,noun,A form of social organisation in which marriage ties are communal rather than exclusive.,,,
hipbath,noun,A bath shaped so that the bather sits rather than lies down.,,,
horme,noun,Purposive vital energy directing an organism towards a goal.,,,
hospholipase,noise,,,,apparent misspelling of phospholipase
ichthyornis,name,,,,taxonomic genus of extinct toothed birds
imagineering,noun,The practice of turning imaginative ideas into working reality.,,,
ipomea,variant,,ipomoea,,
isobarism,noun,The condition of being under uniform barometric pressure.,,,
jacobus,noun,An English gold coin struck in the reign of James I.,,possible name,
jura,name,,,,mountain range; also a Latin plural
kaiserism,noun,Autocratic imperial rule of the kind exercised by a kaiser.,,possible name,
kashmir,name,,,,place name; the fabric is spelled cashmere
kilocoulomb,noun,A unit of electric charge equal to one thousand coulombs.,,,
laserdisk,variant,,laserdisc,,
lectrice,noun,A woman employed to read aloud to another.,,,
mach,noun,The ratio of the speed of a body to the speed of sound in the surrounding medium.,,possible name,
machiavellianism,noun,Cunning and duplicity in statecraft or in general conduct.,,possible name,
macrocosmos,variant,,macrocosm,,
makuti,noun,"Thatch made from palm leaves, used for roofing in East Africa.",,,
mammonist,noun,A person devoted to the pursuit of wealth.,,,
marka,noun,The basic monetary unit of Bosnia and Herzegovina.,,,
maskanonge,variant,,muskellunge,,
medicaid,name,,,,United States federal health programme
melanochroi,noise,,,,obsolete racial classification; plural only
melodia,noun,An organ stop of soft flute-like tone.,,,
microportal,noun,A small web portal serving a narrow subject or audience.,,,
miladi,variant,,milady,,
mize,noise,,,,no attested noun sense
montgolfier,noun,A balloon lifted by heated air rather than by a lighter-than-air gas.,,possible name,
ndugu,noun,"A brother or comrade, in Swahili-influenced East African usage.",,,
necessaritarian,noun,A person who holds the doctrine that all events are causally determined.,,,
necessaritarianism,noun,The doctrine that every event is causally determined and could not be otherwise.,,,
neurocele,noun,The cavity enclosed by the neural tube in a developing embryo.,,,
newfie,noun,A native or inhabitant of Newfoundland.,,possible name,informal; can read as pejorative
norland,noun,A northern land or region.,,,
oleomargarin,variant,,oleomargarine,,
palais,noun,A public dance hall.,,,
palikar,noun,A Greek irregular soldier of the war of independence against the Ottomans.,,,
partan,noun,"An edible crab, in Scots usage.",,,
pasteurism,noun,Treatment or prevention of disease by Pasteur's method of inoculation.,,possible name,
pekinese,variant,,pekingese,,
pekingese,noun,A small long-haired dog of a breed with a flat face and short legs.,,possible name,
pensee,noun,A thought or reflection set down in aphoristic form.,,,
perinephrium,noun,The connective tissue and fat surrounding the kidney.,,,
pignus,noun,"A pledge or pawn given as security for a debt, in Roman law.",,,
pinwork,noun,Fine decorative stitching worked into the mesh of needlepoint lace.,,,
pithecanthropus,name,,,,obsolete taxonomic genus for early hominids
plasmagel,noun,The stiff gel-like outer cytoplasm of an amoeboid cell.,,,
plasmasol,noun,The fluid inner cytoplasm of an amoeboid cell.,,,
plasmosome,noun,"A true nucleolus, as distinguished from other nuclear bodies.",,,
pneumodynamics,noun,The branch of physics dealing with the motion of gases.,,,
powerdown,noun,"A reduction in power output, or the shutting down of a system.",,,
preconcession,noun,A concession granted in advance of negotiation.,,,
preenlistment,noun,The period or process preceding enlistment in the armed forces.,,,
procarp,noun,The female reproductive structure of a red alga.,,,
prothalmia,noise,,,,apparent misspelling of prothalamia
prothalmion,noise,,,,apparent misspelling of prothalamion
prothalmium,noise,,,,apparent misspelling of prothalamium
pyrophotometer,noun,An instrument that measures high temperatures from the radiation emitted.,,,
quai,noun,"A quay, especially one along a river in France.",,,
regisseur,noun,The director of a stage production or ballet company.,,,
repousse,noun,Metalwork hammered into relief from the reverse side.,,,
rontgen,variant,,roentgen,,
sayyid,noun,An honorific title for a male descendant of the prophet Muhammad.,,,
schizomycete,noun,"A bacterium, under an obsolete classification treating bacteria as fungi.",,,
scientologist,noun,An adherent of Scientology.,,possible name,
scripturist,noun,A person deeply versed in the scriptures.,,,
seicento,noun,The seventeenth century as a period of Italian art and literature.,,,
semioticism,noise,,,,nonce formation; no dictionary sense
setsquare,noun,A flat triangular instrument for drawing lines at fixed angles.,,,
sevak,noun,"A servant or volunteer worker, in Indian English.",,,
sevika,noun,"A female servant or volunteer worker, in Indian English.",,,
sher,noise,,,,no settled English noun sense
shoran,noun,A short-range radio system for navigation and position finding.,,,
signorino,noun,"A young Italian gentleman, used as a form of address.",,,
skolly,noun,"A young hoodlum, in South African usage.",,,
soave,noun,A dry white wine from the Veneto region of Italy.,,possible name,
splore,noun,"A frolic or boisterous merrymaking, in Scots usage.",,,
sri,noun,An Indian honorific placed before a man's name.,,possible name,
stor,noise,,,,no attested English noun sense
streetboard,noun,A three-wheeled board steered by twisting its two hinged platforms.,,,
streetboarding,noun,The sport of riding a streetboard.,,,
subnote,noun,A subordinate note appended to a main one.,,,
sulfatize,verb,,,,verb; converting a substance into a sulfate
surprizal,variant,,surprisal,,
synaposematism,noun,Shared warning coloration among unpalatable species; Mullerian mimicry.,,,
tanh,noise,,,,notation for the hyperbolic tangent function
tattersail,variant,,tattersall,,
teleran,noun,An air navigation system combining radar with television transmission to the pilot.,,,
therme,variant,,therm,,
thermomotor,noun,"An engine driven by heat, especially by hot air.",,,
tolan,noun,"A crystalline hydrocarbon, diphenylacetylene.",,,
torah,noun,"The body of Jewish law and teaching, especially the Pentateuch.",,possible name,
tyreo,noise,,,,no attested English noun sense
unguentum,noun,"An ointment, under its pharmaceutical Latin name.",,,
verite,noun,A style of film-making aiming at unstaged realism.,,,
veter,noise,,,,no attested English noun sense
viscum,name,,,,taxonomic genus of mistletoe
