variant,canonical,wikt_variant_kind,wikt_regions,zipf,tier
abamp,abampere,alt_of,,0.0,OBSCURE
abattis,abatis,alt_of,,0.0,OBSCURE
abetter,abettor,alt_of,,1.19,RARE
ablism,ableism,alt_of,,0.0,OBSCURE
aboulia,abulia,alt_of,,0.0,OBSCURE
abridgement,abridgment,alt_of,UK,1.94,RARE
absinth,absinthe,alt_of,,1.26,RARE
absolutisation,absolutization,alt_of,,0.0,OBSCURE
abstractor,abstracter,alt_of,UK,0.0,OBSCURE
academism,academicism,alt_of,,0.0,OBSCURE
acariosis,acariasis,alt_of,,0.0,OBSCURE
accompanyist,accompanist,alt_of,,0.0,OBSCURE
accouterment,accoutrement,american,,0.0,OBSCURE
acetanilid,acetanilide,alt_of,,0.0,OBSCURE
acknowledgement,acknowledgment,alt_of,UK,3.32,FAMILIAR
acroanesthesia,acroanaesthesia,alt_of,,0.0,OBSCURE
acromegalia,acromegaly,alt_of,,0.0,OBSCURE
acromikria,acromicria,alt_of,,0.0,OBSCURE
actualisation,actualization,alt_of,,1.61,RARE
adactylia,adactyly,alt_of,,0.0,OBSCURE
adaption,adaptation,alt_of,,2.73,UNCOMMON
adaptor,adapter,alt_of,Commonwealth,2.64,UNCOMMON
adjustor,adjuster,alt_of,,1.43,RARE
advertizement,advertisement,alt_of,,0.0,OBSCURE
adz,adze,alt_of,US,1.72,RARE
aegir,eagre,alt_of,,1.56,RARE
aeon,eon,commonwealth,,2.64,UNCOMMON
aerie,eyrie,alt_of,US,2.17,UNCOMMON
aerofoil,airfoil,alt_of,UK,1.77,RARE
aerogramme,aerogram,alt_of,,0.0,OBSCURE
aery,eyrie,dated,,1.43,RARE
aesthesis,esthesis,alt_of,,0.0,OBSCURE
aether,ether,alt_of,,2.74,UNCOMMON
affaire,affair,alt_of,,2.21,UNCOMMON
aggrandisement,aggrandizement,alt_of,UK,1.72,RARE
aglet,aiglet,alt_of,,1.32,RARE
aigret,aigrette,alt_of,,0.0,OBSCURE
airdrome,aerodrome,alt_of,,1.51,RARE
akee,ackee,alt_of,,0.0,OBSCURE
akvavit,aquavit,alt_of,,1.01,RARE
alcahest,alkahest,alt_of,,0.0,OBSCURE
alcapton,alkapton,alt_of,,0.0,OBSCURE
alcaptonuria,alkaptonuria,alt_of,,0.0,OBSCURE
alfileria,alfilaria,alt_of,,0.0,OBSCURE
algorism,algorithm,alt_of,,0.0,OBSCURE
alidad,alidade,alt_of,,0.0,OBSCURE
alinement,alignment,alt_of,US,0.0,OBSCURE
alizarine,alizarin,alt_of,,0.0,OBSCURE
allegoriser,allegorizer,alt_of,,0.0,OBSCURE
alphabetisation,alphabetization,alt_of,UK,0.0,OBSCURE
alphabetiser,alphabetizer,alt_of,UK,0.0,OBSCURE
aluminum,aluminium,american,,4.01,COMMON
ambience,ambiance,alt_of,,2.94,UNCOMMON
ameba,amoeba,alt_of,US,1.58,RARE
amebiasis,amoebiasis,alt_of,,1.07,RARE
ameer,emir,alt_of,,2.48,UNCOMMON
amenorrhea,amenorrhoea,alt_of,US,1.86,RARE
amir,emir,alt_of,,3.4,FAMILIAR
amortisation,amortization,alt_of,UK,1.92,RARE
amphitheater,amphitheatre,american,,2.8,UNCOMMON
ampul,ampoule,alt_of,US,0.0,OBSCURE
ampule,ampoule,alt_of,,1.61,RARE
amyotrophia,amyotrophy,alt_of,,0.0,OBSCURE
anaemia,anemia,alt_of,Commonwealth,2.51,UNCOMMON
anaesthesia,anesthesia,alt_of,Commonwealth,2.71,UNCOMMON
anaesthetic,anesthetic,alt_of,Commonwealth,2.93,UNCOMMON
anaesthetist,anesthetist,alt_of,UK,2.23,UNCOMMON
analogue,analog,alt_of,,3.28,FAMILIAR
analyser,analyzer,alt_of,UK,2.19,UNCOMMON
anapaest,anapest,alt_of,UK,0.0,OBSCURE
anathematisation,anathematization,alt_of,,0.0,OBSCURE
anchylosis,ankylosis,alt_of,,0.0,OBSCURE
aneurism,aneurysm,dated,,2.17,UNCOMMON
anhydrosis,anhidrosis,alt_of,,0.0,OBSCURE
animalisation,animalization,alt_of,,0.0,OBSCURE
annexe,annex,alt_of,UK,2.51,UNCOMMON
anoestrus,anestrus,alt_of,,0.0,OBSCURE
anomy,anomie,alt_of,,0.0,OBSCURE
anthelminthic,anthelmintic,alt_of,,0.0,OBSCURE
aphaeresis,apheresis,alt_of,Canada;UK,0.0,OBSCURE
apophthegm,apothegm,alt_of,UK,0.0,OBSCURE
appanage,apanage,alt_of,,1.49,RARE
appetiser,appetizer,alt_of,,1.61,RARE
aquiculture,aquaculture,alt_of,,0.0,OBSCURE
arbalist,arbalest,alt_of,,0.0,OBSCURE
arbitrement,arbitrament,alt_of,,0.0,OBSCURE
arborvirus,arbovirus,alt_of,,0.0,OBSCURE
arbour,arbor,uk,,2.25,UNCOMMON
archaeopteryx,archeopteryx,alt_of,,2.0,UNCOMMON
archaicism,archaism,alt_of,,0.0,OBSCURE
archeologist,archaeologist,alt_of,US,2.42,UNCOMMON
archeology,archaeology,alt_of,US,2.77,UNCOMMON
archil,orchil,alt_of,,1.29,RARE
ardour,ardor,uk,,2.25,UNCOMMON
argyll,argyle,alt_of,,2.92,UNCOMMON
armory,armoury,american,,3.22,FAMILIAR
armour,armor,british,,3.75,FAMILIAR
armourer,armorer,alt_of,UK,1.72,RARE
arquebus,harquebus,alt_of,,1.49,RARE
artefact,artifact,uk,,2.7,UNCOMMON
arytaenoid,arytenoid,alt_of,,0.0,OBSCURE
asafetida,asafoetida,alt_of,,1.16,RARE
ascendence,ascendance,alt_of,,1.01,RARE
ascendency,ascendancy,alt_of,,2.0,UNCOMMON
ascendent,ascendant,alt_of,,1.42,RARE
assagai,assegai,alt_of,,0.0,OBSCURE
astheny,asthenia,alt_of,,0.0,OBSCURE
atar,attar,alt_of,,2.32,UNCOMMON
ateleiosis,ateliosis,alt_of,,0.0,OBSCURE
atheneum,athenaeum,alt_of,,2.13,UNCOMMON
atomisation,atomization,alt_of,,1.34,RARE
atomiser,atomizer,alt_of,,1.51,RARE
audad,aoudad,alt_of,,0.0,OBSCURE
aunty,auntie,alt_of,,3.16,FAMILIAR
authorisation,authorization,alt_of,UK,3.03,FAMILIAR
authoriser,authorizer,alt_of,,0.0,OBSCURE
autocoid,autacoid,alt_of,,0.0,OBSCURE
autogiro,autogyro,alt_of,,1.35,RARE
ax,axe,alt_of,US,3.34,FAMILIAR
axone,axon,dated,,0.0,OBSCURE
azederach,azedarach,alt_of,,0.0,OBSCURE
azotaemia,azotemia,alt_of,,0.0,OBSCURE
babiroussa,babirusa,alt_of,,0.0,OBSCURE
babirussa,babiroussa,alt_of,,0.0,OBSCURE
baboo,babu,alt_of,,1.71,RARE
backsheesh,baksheesh,alt_of,,0.0,OBSCURE
bacteriacide,bactericide,alt_of,,0.0,OBSCURE
bagpipe,bagpipes,attributive,,2.35,UNCOMMON
baguet,baguette,alt_of,,0.0,OBSCURE
baisa,paisa,alt_of,,0.0,OBSCURE
baiza,paisa,alt_of,,0.0,OBSCURE
bakshish,baksheesh,alt_of,,0.0,OBSCURE
baldrick,baldric,alt_of,,1.97,RARE
ballock,bollock,alt_of,Ireland,0.0,OBSCURE
bandanna,bandana,alt_of,,2.32,UNCOMMON
bandlet,bandelet,alt_of,,0.0,OBSCURE
bandoleer,bandolier,alt_of,,1.18,RARE
banian,banyan,alt_of,,1.04,RARE
bannister,banister,alt_of,,2.91,UNCOMMON
banshie,banshee,alt_of,,0.0,OBSCURE
baptistery,baptistry,alt_of,,1.93,RARE
barbacan,barbican,alt_of,,0.0,OBSCURE
barbarization,barbarisation,alt_of,,0.0,OBSCURE
barbeque,barbecue,alt_of,,2.7,UNCOMMON
barcarolle,barcarole,alt_of,,1.41,RARE
barrater,barrator,alt_of,,0.0,OBSCURE
basonym,basionym,alt_of,,0.0,OBSCURE
basophile,basophil,alt_of,,0.0,OBSCURE
bastardisation,bastardization,alt_of,UK,1.29,RARE
bastnasite,bastnaesite,alt_of,,0.0,OBSCURE
bathymeter,bathometer,alt_of,,0.0,OBSCURE
bathyscape,bathyscaphe,alt_of,,0.0,OBSCURE
bathyscaph,bathyscaphe,alt_of,,0.0,OBSCURE
baulk,balk,alt_of,UK,2.1,UNCOMMON
bazar,bazaar,alt_of,,2.57,UNCOMMON
bedesman,beadsman,alt_of,,0.0,OBSCURE
bedeswoman,beadswoman,alt_of,,0.0,OBSCURE
behaviour,behavior,british,,4.36,COMMON
behaviourism,behaviorism,british,,1.42,RARE
behaviourist,behaviorist,british,,1.81,RARE
beigel,bagel,alt_of,UK,1.32,RARE
beldam,beldame,alt_of,,1.37,RARE
belligerency,belligerence,alt_of,,1.41,RARE
benni,benne,alt_of,,1.77,RARE
bennie,benny,alt_of,,2.73,UNCOMMON
berretta,biretta,alt_of,,1.15,RARE
bezzant,bezant,alt_of,,0.0,OBSCURE
bicorne,bicorn,alt_of,,1.28,RARE
bicyclist,cyclist,rare,,2.38,UNCOMMON
biodefence,biodefense,alt_of,UK,0.0,OBSCURE
biriani,biryani,alt_of,,0.0,OBSCURE
birretta,biretta,alt_of,,0.0,OBSCURE
bister,bistre,alt_of,,0.0,OBSCURE
blastocele,blastocoele,alt_of,,0.0,OBSCURE
blastocoele,blastocoel,alt_of,,0.0,OBSCURE
blether,blather,alt_of,Scotland,1.39,RARE
blintze,blintz,alt_of,,0.0,OBSCURE
bliny,blini,alt_of,,0.0,OBSCURE
blonde,blond,alt_of,,4.04,COMMON
bloomer,bloomers,attributive,,2.66,UNCOMMON
bocci,bocce,alt_of,,1.34,RARE
boccie,bocce,alt_of,,0.0,OBSCURE
bogy,bogey,alt_of,,1.35,RARE
boloney,bologna,alt_of,,0.0,OBSCURE
bolshy,bolshie,alt_of,,1.4,RARE
bonyness,boniness,alt_of,,0.0,OBSCURE
boogeyman,bogeyman,alt_of,,2.52,UNCOMMON
bootie,bootee,alt_of,UK,2.25,UNCOMMON
borsch,borscht,alt_of,,1.61,RARE
borsh,borscht,alt_of,,0.0,OBSCURE
borshch,borscht,alt_of,,0.0,OBSCURE
borsht,borscht,alt_of,,0.0,OBSCURE
bortsch,borscht,alt_of,,0.0,OBSCURE
bosun,boatswain,alt_of,,1.89,RARE
botulinus,botulinum,alt_of,,0.0,OBSCURE
boulle,buhl,alt_of,,1.75,RARE
bourn,bourne,alt_of,,2.16,UNCOMMON
bowdleriser,bowdlerizer,alt_of,,0.0,OBSCURE
bowlder,boulder,alt_of,,0.0,OBSCURE
boxer,boxers,attributive,,3.74,FAMILIAR
brachycephalism,brachycephaly,alt_of,,0.0,OBSCURE
brahman,brahmin,alt_of,,2.81,UNCOMMON
brasier,brazier,alt_of,,1.6,RARE
break,breakpoint,alt_of,UK,5.18,CORE
breathalyser,breathalyzer,alt_of,UK,1.6,RARE
brent,brant,alt_of,,3.69,FAMILIAR
brief,briefs,attributive,UK,4.52,COMMON
brier,briar,alt_of,,2.35,UNCOMMON
briony,bryony,alt_of,,2.06,UNCOMMON
britches,breeches,alt_of,,2.35,UNCOMMON
broadax,broadaxe,alt_of,,0.0,OBSCURE
broncho,bronco,alt_of,,1.81,RARE
brutalisation,brutalization,alt_of,,0.0,OBSCURE
buckeroo,buckaroo,alt_of,,0.0,OBSCURE
budgereegah,budgerigar,alt_of,,0.0,OBSCURE
bulghur,bulgur,alt_of,,0.0,OBSCURE
bullrush,bulrush,alt_of,,1.08,RARE
bumph,bumf,alt_of,,0.0,OBSCURE
buncombe,bunkum,alt_of,,2.17,UNCOMMON
bunko,bunco,alt_of,,1.76,RARE
buret,burette,alt_of,,1.15,RARE
burka,burqa,alt_of,,2.59,UNCOMMON
burnous,burnoose,alt_of,,0.0,OBSCURE
burnouse,burnoose,alt_of,,0.0,OBSCURE
burthen,burden,alt_of,,1.93,RARE
byzant,bezant,alt_of,,0.0,OBSCURE
cabby,cabbie,alt_of,,1.95,RARE
cadaster,cadastre,alt_of,,0.0,OBSCURE
cadency,cadence,alt_of,,0.0,OBSCURE
caffein,caffeine,dated,,1.35,RARE
caffer,kaffir,alt_of,,0.0,OBSCURE
caffre,kaffir,alt_of,,0.0,OBSCURE
caftan,kaftan,alt_of,,1.94,RARE
cainogenesis,caenogenesis,alt_of,,0.0,OBSCURE
calcedony,chalcedony,alt_of,,0.0,OBSCURE
caldron,cauldron,alt_of,,1.76,RARE
calibre,caliber,alt_of,Australia;Canada;Ireland;New-Zealand;UK,3.21,FAMILIAR
caliculus,calyculus,alt_of,US,0.0,OBSCURE
calif,caliph,alt_of,,3.83,FAMILIAR
callathump,callithump,alt_of,,0.0,OBSCURE
calliper,caliper,alt_of,,1.28,RARE
callisthenics,calisthenics,alt_of,,1.18,RARE
calorizator,calorisator,alt_of,,0.0,OBSCURE
calpac,calpack,alt_of,,0.0,OBSCURE
camass,camas,alt_of,US,0.0,OBSCURE
camelia,camellia,alt_of,,1.94,RARE
campong,kampung,alt_of,,0.0,OBSCURE
canalization,canalisation,alt_of,,1.32,RARE
candour,candor,alt_of,Canada;UK,2.46,UNCOMMON
cannister,canister,alt_of,,1.61,RARE
canonisation,canonization,alt_of,,1.92,RARE
cantaloup,cantaloupe,alt_of,,0.0,OBSCURE
canulation,cannulation,alt_of,,0.0,OBSCURE
capelan,capelin,alt_of,,0.0,OBSCURE
capercailzie,capercaillie,alt_of,,0.0,OBSCURE
capibara,capybara,dated,,0.0,OBSCURE
capitalization,capitalisation,american,,3.12,FAMILIAR
caplin,capelin,alt_of,,1.95,RARE
carabinier,carabineer,alt_of,,0.0,OBSCURE
carack,carrack,alt_of,,0.0,OBSCURE
caracul,karakul,alt_of,,0.0,OBSCURE
carageen,carrageen,alt_of,,0.0,OBSCURE
caravansary,caravanserai,alt_of,,1.33,RARE
carbonisation,carbonization,alt_of,UK,1.01,RARE
carburettor,carburetor,alt_of,UK,2.16,UNCOMMON
carcase,carcass,alt_of,,1.75,RARE
cardamon,cardamom,alt_of,,1.44,RARE
cardamum,cardamom,alt_of,,0.0,OBSCURE
carrageenin,carrageenan,alt_of,,0.0,OBSCURE
carragheen,carrageen,alt_of,,0.0,OBSCURE
carrell,carrel,alt_of,,2.07,UNCOMMON
carrousel,carousel,alt_of,,1.94,RARE
cartouch,cartouche,alt_of,,0.0,OBSCURE
casava,cassava,alt_of,,0.0,OBSCURE
cassino,casino,dated,,2.34,UNCOMMON
catalog,catalogue,alt_of,US,3.91,FAMILIAR
cataloger,cataloguer,alt_of,,1.38,RARE
categorisation,categorization,alt_of,UK,2.26,UNCOMMON
catheterisation,catheterization,alt_of,,1.26,RARE
catsup,ketchup,alt_of,,1.86,RARE
cattie,catty,alt_of,,0.0,OBSCURE
cauterisation,cauterization,alt_of,,0.0,OBSCURE
caviare,caviar,alt_of,,0.0,OBSCURE
caviller,caviler,alt_of,,0.0,OBSCURE
cayman,caiman,alt_of,,3.19,FAMILIAR
cazique,cacique,alt_of,,0.0,OBSCURE
cecum,caecum,alt_of,US,1.81,RARE
celebrater,celebrator,alt_of,,0.0,OBSCURE
celom,coelom,alt_of,,0.0,OBSCURE
cenogenesis,caenogenesis,alt_of,,0.0,OBSCURE
centerboard,centreboard,alt_of,US,1.61,RARE
centerpiece,centrepiece,alt_of,US,3.1,FAMILIAR
centiliter,centilitre,alt_of,US,0.0,OBSCURE
centimeter,centimetre,alternative,US,2.89,UNCOMMON
centralisation,centralization,alt_of,UK,2.36,UNCOMMON
centrefold,centerfold,alt_of,UK,1.47,RARE
cephalhematoma,cephalohematoma,alt_of,,0.0,OBSCURE
ceratin,keratin,alt_of,,0.0,OBSCURE
cesium,caesium,alt_of,US,2.46,UNCOMMON
chabasite,chabazite,alt_of,,0.0,OBSCURE
chachka,tchotchke,alt_of,,0.0,OBSCURE
chadar,chador,alt_of,,1.35,RARE
chaddar,chador,alt_of,,0.0,OBSCURE
chamaeleon,chameleon,alt_of,,0.0,OBSCURE
chammy,shammy,alt_of,,0.0,OBSCURE
chamomile,camomile,alt_of,US,2.62,UNCOMMON
chanfron,chamfron,alt_of,,0.0,OBSCURE
channelisation,channelization,alt_of,,0.0,OBSCURE
chantarelle,chanterelle,alt_of,,0.0,OBSCURE
chantey,shanty,alt_of,,1.11,RARE
chanty,shanty,alt_of,,1.37,RARE
chapatti,chapati,alt_of,,1.31,RARE
characterisation,characterization,alt_of,UK,2.89,UNCOMMON
charr,char,alt_of,,1.91,RARE
chaulmugra,chaulmoogra,alt_of,,0.0,OBSCURE
checkbook,chequebook,alt_of,,2.63,UNCOMMON
cheewink,chewink,alt_of,,0.0,OBSCURE
cheloid,keloid,alt_of,,0.0,OBSCURE
chequer,checker,alt_of,UK,1.63,RARE
chequerboard,checkerboard,alt_of,UK,1.21,RARE
chetah,cheetah,alt_of,,0.0,OBSCURE
chiasm,chiasma,alt_of,,1.68,RARE
chigetai,dziggetai,alt_of,,0.0,OBSCURE
chile,chili,alt_of,US,4.06,COMMON
chilli,chili,alt_of,,3.29,FAMILIAR
chilly,chili,alt_of,,3.5,FAMILIAR
chimaera,chimera,alt_of,,1.78,RARE
chincapin,chinquapin,alt_of,,0.0,OBSCURE
chinchona,cinchona,alt_of,,0.0,OBSCURE
chinkapin,chinquapin,alt_of,,0.0,OBSCURE
chiseller,chiseler,alt_of,,0.0,OBSCURE
chitlings,chitterlings,alt_of,,0.0,OBSCURE
chitlins,chitterlings,alt_of,,1.57,RARE
chivaree,shivaree,alt_of,,0.0,OBSCURE
chlorophyl,chlorophyll,dated,US,0.0,OBSCURE
choky,chokey,alt_of,,1.16,RARE
cholesterin,cholesterol,alt_of,,0.0,OBSCURE
chon,jun,alt_of,,2.43,UNCOMMON
choral,chorale,alt_of,,3.22,FAMILIAR
chromaesthesia,chromesthesia,alt_of,,0.0,OBSCURE
chuddar,chador,alt_of,,0.0,OBSCURE
chutzpa,chutzpah,alt_of,,0.0,OBSCURE
cicatrice,cicatrix,alt_of,,0.0,OBSCURE
cigaret,cigarette,dated,US,1.4,RARE
circularisation,circularization,alt_of,,0.0,OBSCURE
cirrhus,cirrus,alt_of,,0.0,OBSCURE
cirripede,cirriped,alt_of,,0.0,OBSCURE
cither,cittern,alt_of,,0.0,OBSCURE
cithern,cittern,alt_of,,0.0,OBSCURE
cive,chive,alt_of,,1.14,RARE
clamour,clamor,uk,,2.6,UNCOMMON
clangor,clangour,alt_of,Canada;US,1.19,RARE
clarinettist,clarinetist,alt_of,,1.55,RARE
claxon,klaxon,alt_of,,1.18,RARE
clayiness,clayeyness,alt_of,,0.0,OBSCURE
clearstory,clerestory,alt_of,,0.0,OBSCURE
clegg,cleg,alt_of,,3.23,FAMILIAR
clon,clone,alt_of,,1.44,RARE
coalescency,coalescence,alt_of,,0.0,OBSCURE
cocain,cocaine,alt_of,,1.8,RARE
coccidiomycosis,coccidioidomycosis,alt_of,,0.0,OBSCURE
cockateel,cockatiel,alt_of,,0.0,OBSCURE
cockleburr,cocklebur,alt_of,,0.0,OBSCURE
cocoanut,coconut,alt_of,,1.94,RARE
cocoswood,cocuswood,alt_of,,0.0,OBSCURE
coenobite,cenobite,alt_of,,0.0,OBSCURE
cognisance,cognizance,alt_of,,1.56,RARE
cohoe,coho,alt_of,,0.0,OBSCURE
coigne,coign,alt_of,,0.0,OBSCURE
collectivisation,collectivization,alt_of,,1.66,RARE
colonisation,colonization,alt_of,,2.72,UNCOMMON
coloniser,colonizer,alt_of,UK,1.51,RARE
colorlessness,colourlessness,alt_of,US,0.0,OBSCURE
colour,color,commonwealth,,4.49,COMMON
colouration,coloration,alt_of,,2.17,UNCOMMON
colourcast,colorcast,alt_of,,0.0,OBSCURE
coloured,colored,alt_of,UK,3.92,FAMILIAR
colter,coulter,alt_of,US,2.44,UNCOMMON
comeupance,comeuppance,alt_of,,0.0,OBSCURE
commercialisation,commercialization,alt_of,,2.4,UNCOMMON
communisation,communization,alt_of,UK,0.0,OBSCURE
compartmentalisation,compartmentalization,alt_of,British,1.29,RARE
complin,compline,alt_of,,0.0,OBSCURE
con,conn,alt_of,,4.28,COMMON
conceptualization,conceptualisation,alt_of,,2.48,UNCOMMON
congo,congou,alt_of,,3.75,FAMILIAR
conjuror,conjurer,alt_of,,1.68,RARE
connecter,connector,alt_of,,1.22,RARE
connection,connexion,alt_of,,4.76,COMMON
connexion,connection,dated,UK,2.46,UNCOMMON
conservativism,conservatism,rare,,1.63,RARE
consignor,consigner,alt_of,,2.28,UNCOMMON
continency,continence,alt_of,,0.0,OBSCURE
conventionalisation,conventionalization,alt_of,,0.0,OBSCURE
convergency,convergence,alt_of,,0.0,OBSCURE
convertor,converter,alt_of,,1.64,RARE
conveyer,conveyor,alt_of,,2.03,UNCOMMON
cooky,cookie,dated,,1.93,RARE
cooly,coolie,alt_of,,1.96,RARE
copeck,kopek,alt_of,,0.0,OBSCURE
coprophagia,coprophagy,alt_of,,1.26,RARE
cornelian,carnelian,alt_of,,1.45,RARE
corpulency,corpulence,alt_of,,0.0,OBSCURE
corslet,corselet,alt_of,,0.0,OBSCURE
corticotrophin,corticotropin,alt_of,,0.0,OBSCURE
cottar,cotter,alt_of,Scotland,0.0,OBSCURE
councilorship,councillorship,alt_of,,0.0,OBSCURE
counsellor,counselor,alt_of,Canada;UK,3.32,FAMILIAR
counsellorship,counselorship,alt_of,,0.0,OBSCURE
covalency,covalence,alt_of,,0.0,OBSCURE
cowry,cowrie,alt_of,,1.44,RARE
coziness,cosiness,alt_of,US,1.91,RARE
cozy,cosy,alt_of,US,3.64,FAMILIAR
crampoon,crampon,alt_of,,0.0,OBSCURE
crape,crepe,alt_of,,1.83,RARE
creatin,creatine,alt_of,,1.45,RARE
creese,kris,alt_of,,1.45,RARE
crenelation,crenellation,alt_of,,0.0,OBSCURE
crenelle,crenel,alt_of,,0.0,OBSCURE
crepuscle,crepuscule,alt_of,,0.0,OBSCURE
crewet,cruet,alt_of,,0.0,OBSCURE
criminalisation,criminalization,alt_of,UK,2.03,UNCOMMON
cristal,crystal,alt_of,,2.6,UNCOMMON
croupe,croup,alt_of,,0.0,OBSCURE
crozier,crosier,alt_of,,2.57,UNCOMMON
cryoanaesthesia,cryoanesthesia,alt_of,Commonwealth,0.0,OBSCURE
crystallisation,crystallization,alt_of,UK,1.82,RARE
cullender,colander,alt_of,,0.0,OBSCURE
cumfrey,comfrey,alt_of,,0.0,OBSCURE
cumquat,kumquat,alt_of,,0.0,OBSCURE
cunnilinctus,cunnilingus,rare,,0.0,OBSCURE
curbstone,kerbstone,alt_of,US,1.41,RARE
curet,curette,alt_of,,1.11,RARE
currajong,kurrajong,alt_of,,0.0,OBSCURE
curtsy,curtsey,alt_of,,2.05,UNCOMMON
cutlas,cutlass,alt_of,,0.0,OBSCURE
cyanamid,cyanamide,alt_of,,1.29,RARE
cyanite,kyanite,alt_of,,0.0,OBSCURE
cyclopedia,cyclopaedia,alt_of,,2.07,UNCOMMON
cyder,cider,alt_of,,1.38,RARE
cylix,kylix,alt_of,,0.0,OBSCURE
cypher,cipher,alt_of,UK,2.8,UNCOMMON
czar,tsar,alt_of,US,3.0,FAMILIAR
czardas,csardas,alt_of,,1.13,RARE
czarina,tsarina,alt_of,,1.8,RARE
czaritza,tsaritsa,alt_of,,0.0,OBSCURE
daemon,demon,alt_of,,2.81,UNCOMMON
dahl,dal,alt_of,,3.11,FAMILIAR
daishiki,dashiki,alt_of,,0.0,OBSCURE
dakoit,dacoit,alt_of,,0.0,OBSCURE
dakoity,dacoity,alt_of,,0.0,OBSCURE
dammar,damar,alt_of,,0.0,OBSCURE
damoiselle,damsel,alt_of,,0.0,OBSCURE
damosel,damsel,alt_of,,0.0,OBSCURE
damozel,damsel,alt_of,,1.22,RARE
darkie,darkey,alt_of,,1.84,RARE
darky,darkey,alt_of,,1.73,RARE
decaliter,decalitre,alt_of,US,0.0,OBSCURE
decameter,decametre,alt_of,US,0.0,OBSCURE
decentralisation,decentralization,alt_of,UK,2.43,UNCOMMON
deciliter,decilitre,alt_of,US,1.64,RARE
decimalization,decimalisation,alt_of,,1.1,RARE
decimeter,decimetre,alt_of,US,1.21,RARE
decolonisation,decolonization,alt_of,,1.95,RARE
decriminalisation,decriminalization,alt_of,UK,2.07,UNCOMMON
deflexion,deflection,dated,UK,0.0,OBSCURE
dehumanisation,dehumanization,alt_of,UK,1.56,RARE
dekagram,decagram,alt_of,,0.0,OBSCURE
dekaliter,decalitre,alt_of,,0.0,OBSCURE
dekalitre,decalitre,alt_of,,0.0,OBSCURE
dekameter,decametre,alt_of,,0.0,OBSCURE
dekametre,decametre,alt_of,,0.0,OBSCURE
demagnetisation,demagnetization,alt_of,UK,0.0,OBSCURE
demagog,demagogue,alt_of,US,0.0,OBSCURE
demineralisation,demineralization,alt_of,,0.0,OBSCURE
demobilisation,demobilization,alt_of,UK,1.89,RARE
democratisation,democratization,alt_of,UK,2.25,UNCOMMON
demonetisation,demonetization,alt_of,,2.11,UNCOMMON
demonisation,demonization,alt_of,UK,1.67,RARE
demoralisation,demoralization,alt_of,,1.49,RARE
demythologisation,demythologization,alt_of,,0.0,OBSCURE
denationalisation,denationalization,alt_of,UK,0.0,OBSCURE
dentine,dentin,alt_of,,1.92,RARE
deodourant,deodorant,alt_of,,0.0,OBSCURE
dependance,dependence,alt_of,,1.72,RARE
dependant,dependent,uk,,2.94,UNCOMMON
depersonalisation,depersonalization,alt_of,,1.23,RARE
depolarisation,depolarization,alt_of,,1.07,RARE
desalinization,desalinisation,alt_of,US,1.69,RARE
descendent,descendant,alt_of,,2.38,UNCOMMON
despatch,dispatch,alt_of,,2.69,UNCOMMON
destabilisation,destabilization,alt_of,,1.79,RARE
desynchronisation,desynchronization,alt_of,UK,0.0,OBSCURE
detribalisation,detribalization,alt_of,,0.0,OBSCURE
devitalisation,devitalization,alt_of,,0.0,OBSCURE
dhal,dal,alt_of,,1.82,RARE
diagonalization,diagonalisation,alt_of,US,1.53,RARE
dialog,dialogue,alt_of,US,3.46,FAMILIAR
dialogue,dialog,alt_of,,4.29,COMMON
diarrhoea,diarrhea,alt_of,Commonwealth,3.02,FAMILIAR
dibbuk,dybbuk,alt_of,,0.0,OBSCURE
dichotomisation,dichotomization,alt_of,,0.0,OBSCURE
dichromasy,dichromacy,alt_of,,0.0,OBSCURE
dickey,dicky,alt_of,,2.89,UNCOMMON
dickie,dicky,alt_of,,2.94,UNCOMMON
dicumarol,dicoumarol,alt_of,,0.0,OBSCURE
dideoxyinosine,didanosine,alt_of,,0.0,OBSCURE
dieresis,diaeresis,alt_of,US,0.0,OBSCURE
diethylstilbesterol,diethylstilbestrol,alt_of,,0.0,OBSCURE
diethylstilboestrol,diethylstilbestrol,uk,,0.0,OBSCURE
dietician,dietitian,alt_of,,2.39,UNCOMMON
diffusor,diffuser,alt_of,,1.07,RARE
digitalisation,digitalization,alt_of,,1.68,RARE
digitisation,digitization,alt_of,,2.19,UNCOMMON
digitiser,digitizer,alt_of,,1.09,RARE
dike,dyke,alt_of,US,2.85,UNCOMMON
dioptre,diopter,alt_of,,0.0,OBSCURE
discant,descant,alt_of,,1.02,RARE
discolouration,discoloration,alt_of,UK,2.06,UNCOMMON
disfavor,disfavour,alt_of,US,2.07,UNCOMMON
disforestation,deforestation,alt_of,,0.0,OBSCURE
disfunction,dysfunction,alt_of,,1.76,RARE
dishonor,dishonour,american,,2.88,UNCOMMON
dishonourableness,dishonorableness,british,,0.0,OBSCURE
dislodgment,dislodgement,alt_of,,0.0,OBSCURE
disorganisation,disorganization,alt_of,UK,1.69,RARE
dissyllable,disyllable,alt_of,,0.0,OBSCURE
distention,distension,alt_of,,1.79,RARE
distributer,distributor,alt_of,,1.74,RARE
djinn,jinn,alt_of,,2.47,UNCOMMON
djinni,djinn,alt_of,,1.51,RARE
djinny,djinni,alt_of,,0.0,OBSCURE
doggie,doggy,alt_of,,3.0,FAMILIAR
dogy,dogie,alt_of,,0.0,OBSCURE
dolor,dolour,alt_of,US,2.25,UNCOMMON
donut,doughnut,alt_of,Australia;Canada;US,3.31,FAMILIAR
dosemeter,dosimeter,alt_of,,0.0,OBSCURE
douche,douchebag,alt_of,,3.37,FAMILIAR
doura,durra,alt_of,,1.25,RARE
dourah,durra,alt_of,,0.0,OBSCURE
dowery,dowry,alt_of,,0.0,OBSCURE
dowse,douse,alt_of,,1.88,RARE
doyley,doily,alt_of,,1.16,RARE
doyly,doily,alt_of,,0.0,OBSCURE
draftsman,draughtsman,alt_of,US,2.54,UNCOMMON
dramatisation,dramatization,alt_of,UK,1.94,RARE
draughtswoman,draftswoman,alt_of,,0.0,OBSCURE
drawer,drawers,attributive,,3.78,FAMILIAR
dreadnaught,dreadnought,alt_of,,1.7,RARE
drier,dryer,alt_of,Canada;UK,3.19,FAMILIAR
drosky,droshky,alt_of,,0.0,OBSCURE
drouth,drought,alt_of,Scotland,0.0,OBSCURE
dueller,dueler,alt_of,UK,0.0,OBSCURE
duellist,duelist,alt_of,UK,1.44,RARE
duff,daf,alt_of,Scotland;UK;US,3.36,FAMILIAR
duffle,duffel,alt_of,,2.48,UNCOMMON
durion,durian,alt_of,,0.0,OBSCURE
dyarchy,diarchy,alt_of,,1.05,RARE
dyspnoea,dyspnea,alt_of,UK,1.56,RARE
eager,eagre,alt_of,,4.03,COMMON
earmuff,earmuffs,attributive,,1.29,RARE
economiser,economizer,alt_of,UK,0.0,OBSCURE
effecter,effector,alt_of,,0.0,OBSCURE
egis,aegis,alt_of,,1.32,RARE
embassador,ambassador,alt_of,,1.48,RARE
emeer,emir,alt_of,,0.0,OBSCURE
enanthema,enanthem,alt_of,,0.0,OBSCURE
encrustation,incrustation,alt_of,,1.35,RARE
encumbrance,incumbrance,alt_of,,2.18,UNCOMMON
encyclopaedia,encyclopedia,commonwealth,,2.81,UNCOMMON
encyclopaedism,encyclopedism,alt_of,,0.0,OBSCURE
encyclopaedist,encyclopedist,alt_of,,0.0,OBSCURE
endeavour,endeavor,british,,3.45,FAMILIAR
energiser,energizer,alt_of,,1.5,RARE
enjambement,enjambment,alt_of,,0.0,OBSCURE
enologist,oenologist,alt_of,US,0.0,OBSCURE
enology,oenology,alt_of,US,1.6,RARE
enophile,oenophile,alt_of,,0.0,OBSCURE
enquirer,inquirer,alt_of,,2.83,UNCOMMON
enquiry,inquiry,alt_of,British,3.41,FAMILIAR
enrolment,enrollment,uk,,3.09,FAMILIAR
entoderm,endoderm,alt_of,,0.0,OBSCURE
entoparasite,endoparasite,alt_of,,0.0,OBSCURE
eonni,unnie,alt_of,,2.21,UNCOMMON
eosinophile,eosinophil,alt_of,,0.0,OBSCURE
epaulet,epaulette,alt_of,,1.39,RARE
epha,ephah,alt_of,,0.0,OBSCURE
epicenter,epicentre,alt_of,US,2.9,UNCOMMON
epigon,epigone,alt_of,,0.0,OBSCURE
epilog,epilogue,alt_of,US,1.43,RARE
epinephrin,epinephrine,alt_of,,0.0,OBSCURE
equalisation,equalization,alt_of,,2.18,UNCOMMON
equaliser,equalizer,alt_of,UK,2.86,UNCOMMON
eringo,eryngo,alt_of,,0.0,OBSCURE
ern,erne,alt_of,,2.32,UNCOMMON
escarp,scarp,alt_of,,0.0,OBSCURE
eschalot,shallot,alt_of,,0.0,OBSCURE
esophagus,oesophagus,alt_of,US,2.91,UNCOMMON
essonite,hessonite,alt_of,,0.0,OBSCURE
esthesia,aesthesia,alt_of,,0.0,OBSCURE
esthete,aesthete,alt_of,,0.0,OBSCURE
esthetician,aesthetician,alt_of,US,1.94,RARE
esthetics,aesthetics,alt_of,US,2.18,UNCOMMON
estivation,aestivation,alt_of,,0.0,OBSCURE
estrus,oestrus,alt_of,US,2.01,UNCOMMON
etamin,etamine,alt_of,,0.0,OBSCURE
etiology,aetiology,alt_of,US,2.61,UNCOMMON
eucaryote,eukaryote,alt_of,,0.0,OBSCURE
eudemon,eudaemon,alt_of,,0.0,OBSCURE
euglenoid,euglenid,alt_of,,0.0,OBSCURE
eupnoea,eupnea,alt_of,,0.0,OBSCURE
eurhythmics,eurythmics,alt_of,,0.0,OBSCURE
eurhythmy,eurythmy,alt_of,,0.0,OBSCURE
exanthema,exanthem,alt_of,,0.0,OBSCURE
extemporisation,extemporization,alt_of,UK,0.0,OBSCURE
externalisation,externalization,alt_of,,1.06,RARE
extraversion,extroversion,alt_of,,2.04,UNCOMMON
extravert,extrovert,alt_of,,1.46,RARE
eyeglass,eyeglasses,attributive,,2.33,UNCOMMON
eyry,eyrie,alt_of,,0.0,OBSCURE
facia,fascia,alt_of,,1.74,RARE
factorisation,factorization,alt_of,,1.33,RARE
faeces,feces,alt_of,Commonwealth,2.71,UNCOMMON
faerie,fairy,alt_of,,2.72,UNCOMMON
faery,fairy,alt_of,,2.03,UNCOMMON
fagot,faggot,alt_of,Ireland;UK,1.98,RARE
fakeer,fakir,alt_of,,0.0,OBSCURE
falderol,folderol,alt_of,,0.0,OBSCURE
familiarisation,familiarization,alt_of,UK,1.65,RARE
fantasm,phantasm,alt_of,,0.0,OBSCURE
faqir,fakir,alt_of,,1.4,RARE
faquir,fakir,alt_of,,0.0,OBSCURE
fasciolosis,fascioliasis,alt_of,,0.0,OBSCURE
fatigue,fatigues,attributive,US,3.86,FAMILIAR
fatism,fattism,alt_of,,0.0,OBSCURE
fatwah,fatwa,alt_of,,1.02,RARE
favorableness,favourableness,alt_of,,0.0,OBSCURE
favorite,favourite,alt_of,Canada;US,4.97,COMMON
favoritism,favouritism,alt_of,US,2.78,UNCOMMON
favour,favor,british,,4.31,COMMON
federalisation,federalization,alt_of,UK,1.43,RARE
felafel,falafel,alt_of,,1.16,RARE
fella,fellow,alt_of,,3.49,FAMILIAR
fellation,fellatio,alt_of,,0.0,OBSCURE
felspar,feldspar,alt_of,,0.0,OBSCURE
feminisation,feminization,alt_of,UK,1.51,RARE
femtometer,femtometre,alt_of,US,0.0,OBSCURE
fertilisation,fertilization,alt_of,UK,2.54,UNCOMMON
fertiliser,fertilizer,alt_of,UK,2.86,UNCOMMON
fervour,fervor,commonwealth,,2.75,UNCOMMON
fesse,fess,alt_of,,1.27,RARE
fetich,fetish,alt_of,,0.0,OBSCURE
fetichism,fetishism,alt_of,,0.0,OBSCURE
fiberglass,fibreglass,alt_of,US,3.04,FAMILIAR
fibreboard,fiberboard,uk,,1.51,RARE
fice,feist,alt_of,US,1.87,RARE
fictionalisation,fictionalization,alt_of,,0.0,OBSCURE
filagree,filigree,alt_of,,1.08,RARE
filet,fillet,alt_of,US,2.8,UNCOMMON
fillagree,filigree,alt_of,,0.0,OBSCURE
finalization,finalisation,alt_of,,2.07,UNCOMMON
fiord,fjord,alt_of,New-Zealand,1.87,RARE
flavour,flavor,british,,3.73,FAMILIAR
flavourer,flavorer,british,,0.0,OBSCURE
flavourlessness,flavorlessness,alt_of,,0.0,OBSCURE
flavoursomeness,flavorsomeness,alt_of,,0.0,OBSCURE
flection,flexion,alt_of,,0.0,OBSCURE
flier,flyer,alt_of,,2.92,UNCOMMON
flindosa,flindosy,alt_of,,0.0,OBSCURE
floatation,flotation,alt_of,,2.0,UNCOMMON
floozy,floozie,alt_of,,1.81,RARE
fluegelhorn,flugelhorn,alt_of,,0.0,OBSCURE
fluoresceine,fluorescein,alt_of,,0.0,OBSCURE
flutist,flautist,alt_of,,2.1,UNCOMMON
focalisation,focalization,alt_of,,0.0,OBSCURE
foetology,fetology,alt_of,,0.0,OBSCURE
foetometry,fetometry,alt_of,,0.0,OBSCURE
foetoprotein,fetoprotein,alt_of,,0.0,OBSCURE
foetoscope,fetoscope,alt_of,UK,0.0,OBSCURE
foetoscopy,fetoscopy,alt_of,,0.0,OBSCURE
foetus,fetus,alt_of,Commonwealth,2.78,UNCOMMON
fogy,fogey,alt_of,US,1.24,RARE
fohn,foehn,alt_of,,0.0,OBSCURE
folderal,folderol,alt_of,,0.0,OBSCURE
fontanel,fontanelle,alt_of,,1.43,RARE
forbear,forebear,alt_of,,2.01,UNCOMMON
formalisation,formalization,alt_of,UK,1.54,RARE
fossilisation,fossilization,uk,,1.05,RARE
foulmart,foumart,alt_of,,0.0,OBSCURE
fount,font,alt_of,UK,2.28,UNCOMMON
framboesia,frambesia,alt_of,,0.0,OBSCURE
frangipanni,frangipani,alt_of,,0.0,OBSCURE
fraternisation,fraternization,alt_of,UK,1.3,RARE
freebee,freebie,alt_of,,1.31,RARE
frier,fryer,alt_of,,1.76,RARE
frijole,frijol,alt_of,,0.0,OBSCURE
fulfillment,fulfilment,alt_of,US,3.44,FAMILIAR
furane,furan,alt_of,,0.0,OBSCURE
furore,furor,alt_of,UK,2.36,UNCOMMON
fuzee,fusee,alt_of,,0.0,OBSCURE
gaberdine,gabardine,alt_of,,1.12,RARE
galingale,galangal,alt_of,,0.0,OBSCURE
galvanisation,galvanization,alt_of,,0.0,OBSCURE
galvaniser,galvanizer,alt_of,,0.0,OBSCURE
gangsta,gangster,alt_of,,3.01,FAMILIAR
ganof,ganef,alt_of,,0.0,OBSCURE
ganoin,ganoine,alt_of,,0.0,OBSCURE
gantlet,gauntlet,alt_of,US,1.32,RARE
gaol,jail,dated,UK,2.84,UNCOMMON
gaolbird,jailbird,dated,Commonwealth,0.0,OBSCURE
gaolbreak,jailbreak,dated,Commonwealth,0.0,OBSCURE
gaoler,jailer,dated,Commonwealth,1.65,RARE
garotte,garrotte,alt_of,,1.11,RARE
garrotte,garrote,alt_of,,1.33,RARE
garrotter,garroter,alt_of,,0.0,OBSCURE
gasolene,gasoline,alt_of,,0.0,OBSCURE
gauntry,gantry,alt_of,,0.0,OBSCURE
gelatine,gelatin,alt_of,,2.34,UNCOMMON
gelly,jelly,alt_of,,1.57,RARE
gemsbuck,gemsbok,alt_of,,0.0,OBSCURE
gendarmery,gendarmerie,alt_of,,0.0,OBSCURE
generalisability,generalizability,alt_of,UK,0.0,OBSCURE
genuflexion,genuflection,alt_of,,0.0,OBSCURE
gerbille,gerbil,dated,,0.0,OBSCURE
gerfalcon,gyrfalcon,alt_of,,0.0,OBSCURE
gild,guild,alt_of,,2.43,UNCOMMON
gildhall,guildhall,alt_of,,0.0,OBSCURE
gingko,ginkgo,alt_of,,1.78,RARE
gipsy,gypsy,dated,UK,2.65,UNCOMMON
girandola,girandole,alt_of,,0.0,OBSCURE
gismo,gizmo,alt_of,,1.29,RARE
glamor,glamour,alt_of,US,2.34,UNCOMMON
glamorisation,glamorization,alt_of,UK,0.0,OBSCURE
glamourisation,glamorization,british,,0.0,OBSCURE
glamourization,glamorization,alt_of,,0.0,OBSCURE
globalization,globalisation,american,,3.46,FAMILIAR
gluiness,glueyness,alt_of,,0.0,OBSCURE
glycerin,glycerine,alt_of,US,2.62,UNCOMMON
goiter,goitre,alt_of,US,2.06,UNCOMMON
golliwogg,golliwog,alt_of,,0.0,OBSCURE
golosh,galosh,alt_of,,0.0,OBSCURE
gondoliere,gondolier,alt_of,,0.0,OBSCURE
gonif,ganef,alt_of,,0.0,OBSCURE
goniff,ganef,alt_of,,0.0,OBSCURE
gonorrhoea,gonorrhea,alt_of,UK,2.18,UNCOMMON
goodby,goodbye,alt_of,,1.89,RARE
gospeller,gospeler,alt_of,,0.0,OBSCURE
gothite,goethite,alt_of,,0.0,OBSCURE
gramme,gram,alt_of,UK,1.64,RARE
grandad,granddad,alt_of,,2.99,UNCOMMON
grannie,granny,alt_of,,1.95,RARE
grayback,greyback,alt_of,,0.0,OBSCURE
graybeard,greybeard,alt_of,,1.08,RARE
graylag,greylag,alt_of,,0.0,OBSCURE
grayness,greyness,alt_of,,1.4,RARE
grey,gray,commonwealth,,4.48,COMMON
griffon,griffin,alt_of,,2.37,UNCOMMON
grille,grill,alt_of,,3.1,FAMILIAR
grind,grindcore,alt_of,,3.94,FAMILIAR
grossbeak,grosbeak,alt_of,,0.0,OBSCURE
grotesquery,grotesquerie,alt_of,,0.0,OBSCURE
groundkeeper,groundskeeper,alt_of,,0.0,OBSCURE
groveller,groveler,british,,0.0,OBSCURE
grummet,grommet,alt_of,,0.0,OBSCURE
gryphon,griffin,alt_of,,2.2,UNCOMMON
guerilla,guerrilla,alt_of,,2.9,UNCOMMON
guestimate,guesstimate,alt_of,,1.23,RARE
gunnel,gunwale,alt_of,,1.5,RARE
gymel,gimel,alt_of,,0.0,OBSCURE
gynaecologist,gynecologist,alt_of,Commonwealth,2.4,UNCOMMON
gynaecology,gynecology,alt_of,Commonwealth,2.49,UNCOMMON
gyrostabiliser,gyrostabilizer,alt_of,UK,0.0,OBSCURE
hackbut,arquebus,alt_of,,0.0,OBSCURE
hadj,hajj,alt_of,,1.87,RARE
hadji,hajji,alt_of,,2.23,UNCOMMON
haemagglutination,hemagglutination,alt_of,UK,0.0,OBSCURE
haemangioma,hemangioma,alt_of,UK,0.0,OBSCURE
haematemesis,hematemesis,alt_of,UK,0.0,OBSCURE
haematin,hematin,alt_of,UK,0.0,OBSCURE
haematinic,hematinic,alt_of,,0.0,OBSCURE
haematite,hematite,alt_of,UK,1.51,RARE
haematocele,hematocele,alt_of,UK,0.0,OBSCURE
haematochezia,hematochezia,alt_of,,0.0,OBSCURE
haematocolpos,hematocolpos,alt_of,,0.0,OBSCURE
haematocrit,hematocrit,alt_of,UK,1.11,RARE
haematoidin,hematoidin,alt_of,,0.0,OBSCURE
haematoma,hematoma,uk,,2.02,UNCOMMON
haematopoiesis,hematopoiesis,alt_of,UK,0.0,OBSCURE
haematuria,hematuria,uk,,1.1,RARE
haemoglobin,hemoglobin,alt_of,Commonwealth,2.28,UNCOMMON
haemoglobinuria,hemoglobinuria,alt_of,UK,0.0,OBSCURE
haemolysin,hemolysin,alt_of,,0.0,OBSCURE
haemolysis,hemolysis,alt_of,UK,1.15,RARE
haemoprotein,hemoprotein,alt_of,,0.0,OBSCURE
haemoptysis,hemoptysis,alt_of,UK,1.04,RARE
haemorrhage,hemorrhage,british,,2.74,UNCOMMON
haemorrhoid,hemorrhoid,alt_of,UK,1.24,RARE
haemorrhoidectomy,hemorrhoidectomy,alt_of,,0.0,OBSCURE
haemosiderin,hemosiderin,alt_of,,0.0,OBSCURE
haemosiderosis,hemosiderosis,alt_of,,0.0,OBSCURE
haemostasia,hemostasia,alt_of,,0.0,OBSCURE
haemostasis,hemostasis,alt_of,UK,1.29,RARE
haemothorax,hemothorax,alt_of,,0.0,OBSCURE
haick,haik,alt_of,,0.0,OBSCURE
haj,hajj,alt_of,,2.53,UNCOMMON
haji,hajji,alt_of,,2.81,UNCOMMON
hakeem,hakim,alt_of,,2.85,UNCOMMON
haler,heller,alt_of,,1.2,RARE
hallah,challah,alt_of,,0.0,OBSCURE
halliard,halyard,alt_of,,0.0,OBSCURE
halm,haulm,alt_of,,1.62,RARE
handmaiden,handmaid,alt_of,,2.31,UNCOMMON
hankie,hanky,alt_of,,1.78,RARE
harbour,harbor,standard,,3.98,FAMILIAR
harbourage,harborage,alt_of,UK,0.0,OBSCURE
hareem,harem,alt_of,,1.36,RARE
haschisch,hashish,alt_of,,0.0,OBSCURE
hasheesh,hashish,alt_of,,1.17,RARE
hawkbill,hawksbill,alt_of,,0.0,OBSCURE
hectoliter,hectolitre,alt_of,,1.07,RARE
hectometer,hectometre,alt_of,US,0.0,OBSCURE
hejira,hegira,alt_of,,1.12,RARE
hemianopia,hemianopsia,alt_of,,1.28,RARE
hemipteron,hemipteran,alt_of,,0.0,OBSCURE
hemophilia,haemophilia,alt_of,US,2.41,UNCOMMON
hemopoiesis,hematopoiesis,alt_of,,0.0,OBSCURE
hermaphrodism,hermaphroditism,alt_of,,0.0,OBSCURE
hesitator,hesitater,alt_of,,0.0,OBSCURE
hex,hexadecimal,alt_of,,3.31,FAMILIAR
hiccough,hiccup,dated,,1.14,RARE
hierarchisation,hierarchization,alt_of,,0.0,OBSCURE
highflyer,highflier,alt_of,,1.17,RARE
highjack,hijack,alt_of,,1.4,RARE
highjacker,hijacker,alt_of,,0.0,OBSCURE
hinderance,hindrance,alt_of,,1.76,RARE
hippy,hippie,alt_of,,3.0,FAMILIAR
hoactzin,hoatzin,alt_of,,0.0,OBSCURE
hoagy,hoagie,alt_of,,1.62,RARE
hodometer,odometer,alt_of,,0.0,OBSCURE
holibut,halibut,alt_of,,0.0,OBSCURE
holloa,hollo,alt_of,,0.0,OBSCURE
holloware,hollowware,alt_of,,0.0,OBSCURE
hommos,hummus,alt_of,,0.0,OBSCURE
homoeopath,homeopath,alt_of,,0.0,OBSCURE
homoeopathy,homeopathy,alt_of,,1.9,RARE
homogenisation,homogenization,alt_of,,1.54,RARE
homoiotherm,homeotherm,alt_of,,0.0,OBSCURE
homotherm,homeotherm,alt_of,,0.0,OBSCURE
honkey,honky,alt_of,,1.56,RARE
honkie,honky,alt_of,,0.0,OBSCURE
honour,honor,british,,4.37,COMMON
honourableness,honorableness,alt_of,,0.0,OBSCURE
hoodmold,hoodmould,alt_of,US,0.0,OBSCURE
hoopoo,hoopoe,alt_of,,0.0,OBSCURE
hoosgow,hoosegow,alt_of,,0.0,OBSCURE
hootch,hooch,alt_of,,1.25,RARE
hospitalisation,hospitalization,alt_of,UK,2.22,UNCOMMON
houdah,howdah,alt_of,,0.0,OBSCURE
hoummos,hummus,alt_of,,0.0,OBSCURE
hudood,hudud,alt_of,,1.12,RARE
hullo,hello,alt_of,UK,2.05,UNCOMMON
humanisation,humanization,alt_of,,0.0,OBSCURE
humor,humour,alt_of,US,4.19,COMMON
humourist,humorist,alt_of,UK,1.55,RARE
hutzpah,chutzpah,alt_of,,0.0,OBSCURE
hyaena,hyena,dated,,1.62,RARE
hyalin,hyaline,alt_of,,0.0,OBSCURE
hyalinisation,hyalinization,alt_of,,0.0,OBSCURE
hybridisation,hybridization,alt_of,UK,2.02,UNCOMMON
hyperaemia,hyperemia,alt_of,,0.0,OBSCURE
hypercalcaemia,hypercalcemia,alt_of,,1.03,RARE
hypercalciuria,hypercalcinuria,alt_of,,0.0,OBSCURE
hyperglycaemia,hyperglycemia,alt_of,,1.44,RARE
hyperidrosis,hyperhidrosis,alt_of,,0.0,OBSCURE
hyperlipaemia,hyperlipemia,alt_of,,0.0,OBSCURE
hyperlipemia,hyperlipidemia,alt_of,,0.0,OBSCURE
hyperlipidaemia,hyperlipidemia,alt_of,,1.25,RARE
hyperlipoidaemia,hyperlipoidemia,alt_of,,0.0,OBSCURE
hypermetropy,hypermetropia,alt_of,,0.0,OBSCURE
hypervolaemia,hypervolemia,alt_of,,0.0,OBSCURE
hypesthesia,hypoesthesia,alt_of,,0.0,OBSCURE
hypnotiser,hypnotizer,alt_of,,0.0,OBSCURE
hypocalcaemia,hypocalcemia,alt_of,,0.0,OBSCURE
hypoglycaemia,hypoglycemia,alt_of,,1.97,RARE
hypostatisation,hypostatization,alt_of,,0.0,OBSCURE
hypovolaemia,hypovolemia,alt_of,,0.0,OBSCURE
ichthyosaurus,ichthyosaur,alt_of,,1.25,RARE
idealisation,idealization,alt_of,,1.5,RARE
idolisation,idolization,alt_of,,0.0,OBSCURE
idoliser,idolizer,alt_of,UK,0.0,OBSCURE
idyl,idyll,alt_of,US,1.37,RARE
iglu,igloo,alt_of,,1.08,RARE
ignitor,igniter,alt_of,,1.58,RARE
ikon,icon,alt_of,,2.44,UNCOMMON
imaum,imam,alt_of,,0.0,OBSCURE
iminazole,imidazole,alt_of,,0.0,OBSCURE
immanency,immanence,alt_of,,0.0,OBSCURE
immobilisation,immobilization,alt_of,,1.63,RARE
immunisation,immunization,alt_of,UK,2.46,UNCOMMON
impendence,impendency,alt_of,,0.0,OBSCURE
impenitency,impenitence,alt_of,,0.0,OBSCURE
impermanency,impermanence,alt_of,,0.0,OBSCURE
imposter,impostor,alt_of,,2.88,UNCOMMON
incasement,encasement,alt_of,,0.0,OBSCURE
inclosure,enclosure,alt_of,,1.75,RARE
incumbrance,encumbrance,alt_of,,0.0,OBSCURE
individualisation,individualization,alt_of,UK,1.27,RARE
indorsement,endorsement,alt_of,,0.0,OBSCURE
indorser,endorser,alt_of,,0.0,OBSCURE
industrialisation,industrialization,alt_of,UK,2.7,UNCOMMON
inflator,inflater,alt_of,,1.92,RARE
inflexion,inflection,dated,UK,1.65,RARE
informercial,infomercial,alt_of,,1.17,RARE
initialisation,initialization,alt_of,UK,1.52,RARE
instalment,installment,australia,,3.04,FAMILIAR
internalisation,internalization,alt_of,UK,1.66,RARE
internationalisation,internationalization,alt_of,UK,2.15,UNCOMMON
interne,intern,alt_of,,1.86,RARE
intifadah,intifada,alt_of,,0.0,OBSCURE
intrenchment,entrenchment,alt_of,,0.0,OBSCURE
iodin,iodine,alt_of,US,0.0,OBSCURE
ionisation,ionization,alt_of,,2.0,UNCOMMON
ischaemia,ischemia,alt_of,UK,1.59,RARE
isomorphy,isomorphism,alt_of,,0.0,OBSCURE
itemisation,itemization,alt_of,UK,0.0,OBSCURE
jaggary,jaggery,alt_of,,0.0,OBSCURE
jagghery,jaggery,alt_of,,0.0,OBSCURE
jaguarondi,jaguarundi,alt_of,,0.0,OBSCURE
jailor,jailer,alt_of,,2.06,UNCOMMON
jak,jack,alt_of,,2.7,UNCOMMON
jeep,jeepney,alt_of,Australia,3.72,FAMILIAR
jehad,jihad,alt_of,,1.59,RARE
jessamine,jasmine,alt_of,,1.98,RARE
jeweller,jeweler,alt_of,,2.65,UNCOMMON
jewelry,jewellery,alt_of,US,4.12,COMMON
jinnee,jinni,alt_of,,0.0,OBSCURE
jinni,jinn,alt_of,,1.66,RARE
jiujitsu,jujitsu,alt_of,,1.84,RARE
jodhpur,jodhpurs,attributive,,2.59,UNCOMMON
judgement,judgment,alt_of,Commonwealth,3.86,FAMILIAR
jujutsu,jujitsu,alt_of,,1.99,RARE
jumbal,jumble,alt_of,,0.0,OBSCURE
junky,junkie,alt_of,,2.42,UNCOMMON
kabbalism,cabalism,alt_of,,0.0,OBSCURE
kabob,kebab,alt_of,US,1.88,RARE
kail,kale,alt_of,Scotland,2.22,UNCOMMON
kainogenesis,caenogenesis,alt_of,,0.0,OBSCURE
kalif,caliph,alt_of,,1.43,RARE
kaliph,caliph,alt_of,,0.0,OBSCURE
kaluresis,kaliuresis,alt_of,,0.0,OBSCURE
kampong,kampung,dated,,2.06,UNCOMMON
kanaf,kenaf,alt_of,,0.0,OBSCURE
kaoline,kaolin,alt_of,,0.0,OBSCURE
karabiner,carabiner,alt_of,,1.27,RARE
karat,carat,alt_of,US,2.63,UNCOMMON
kasbah,casbah,alt_of,,2.08,UNCOMMON
katabolism,catabolism,alt_of,,0.0,OBSCURE
katharsis,catharsis,alt_of,,1.06,RARE
kelpy,kelpie,alt_of,,0.0,OBSCURE
kelter,kilter,alt_of,UK;US,1.06,RARE
kenogenesis,caenogenesis,alt_of,,0.0,OBSCURE
keratinisation,keratinization,alt_of,,0.0,OBSCURE
kerb,curb,alt_of,UK,2.61,UNCOMMON
kerosine,kerosene,alt_of,,1.32,RARE
kerugma,kerygma,alt_of,,0.0,OBSCURE
khadi,khaddar,alt_of,,2.21,UNCOMMON
khalif,caliph,alt_of,,1.98,RARE
khalifah,caliph,alt_of,,1.69,RARE
khi,chi,alt_of,,1.97,RARE
kiddy,kiddie,alt_of,UK,2.45,UNCOMMON
kidnaper,kidnapper,alt_of,,0.0,OBSCURE
kildeer,killdeer,alt_of,,0.0,OBSCURE
kiley,kylie,alt_of,,2.36,UNCOMMON
kilometer,kilometre,alt_of,US,3.19,FAMILIAR
kinaesthesia,kinesthesia,alt_of,,0.0,OBSCURE
kinaesthesis,kinesthesis,alt_of,,0.0,OBSCURE
kindergartener,kindergartner,alt_of,,1.83,RARE
kinsfolk,kinfolk,alt_of,,1.43,RARE
kismat,kismet,alt_of,,1.13,RARE
kitambilla,ketembilla,alt_of,,0.0,OBSCURE
knobkerrie,knobkerry,alt_of,,0.0,OBSCURE
knockwurst,knackwurst,alt_of,,0.0,OBSCURE
koodoo,kudu,alt_of,,0.0,OBSCURE
kopeck,kopek,alt_of,,1.41,RARE
koppie,kopje,alt_of,,1.16,RARE
kor,cor,alt_of,,2.78,UNCOMMON
kos,coss,alt_of,,3.04,FAMILIAR
kotow,kowtow,alt_of,,0.0,OBSCURE
koudou,kudu,alt_of,,0.0,OBSCURE
kumis,koumiss,alt_of,,1.03,RARE
labor,labour,alt_of,US,4.77,COMMON
labourer,laborer,uk,,2.94,UNCOMMON
lachrymation,lacrimation,alt_of,,0.0,OBSCURE
laconicism,laconism,alt_of,,0.0,OBSCURE
lacrimator,lachrymator,alt_of,,0.0,OBSCURE
ladanum,labdanum,alt_of,,0.0,OBSCURE
laevulose,levulose,alt_of,,0.0,OBSCURE
lagend,lagan,alt_of,,0.0,OBSCURE
lagune,lagoon,dated,,1.04,RARE
lah,la,alt_of,,2.64,UNCOMMON
lamedh,lamed,alt_of,,0.0,OBSCURE
lammergeyer,lammergeier,alt_of,,0.0,OBSCURE
laniard,lanyard,alt_of,,0.0,OBSCURE
lansat,langsat,alt_of,,0.0,OBSCURE
lanseh,langsat,alt_of,,0.0,OBSCURE
largess,largesse,alt_of,,1.91,RARE
larvacide,larvicide,alt_of,,0.0,OBSCURE
lasagne,lasagna,british,,2.53,UNCOMMON
lateralisation,lateralization,alt_of,,0.0,OBSCURE
lathee,lathi,alt_of,,0.0,OBSCURE
lats,lat,alt_of,UK,2.26,UNCOMMON
launce,lance,alt_of,,0.0,OBSCURE
lavalliere,lavaliere,alt_of,,0.0,OBSCURE
lazarette,lazaret,alt_of,,1.04,RARE
leechee,litchi,alt_of,,0.0,OBSCURE
leitmotiv,leitmotif,alt_of,,1.37,RARE
lense,lens,alt_of,,2.28,UNCOMMON
leucaemia,leukemia,alt_of,,0.0,OBSCURE
leucocyte,leukocyte,alt_of,,1.18,RARE
leucopenia,leukopenia,alt_of,,0.0,OBSCURE
leucorrhea,leukorrhea,alt_of,,0.0,OBSCURE
leukaemia,leukemia,alt_of,Commonwealth,2.76,UNCOMMON
leukocytosis,leucocytosis,alt_of,,1.53,RARE
leukoma,leucoma,alt_of,,0.0,OBSCURE
leukotomy,leucotomy,alt_of,,0.0,OBSCURE
leveler,leveller,alt_of,American;US,1.9,RARE
lexicalisation,lexicalization,alt_of,,0.0,OBSCURE
liberalisation,liberalization,alt_of,UK,2.68,UNCOMMON
licenser,licensor,alt_of,,1.14,RARE
lichee,lychee,alt_of,,0.0,OBSCURE
lichi,lychee,alt_of,,0.0,OBSCURE
ligan,lagan,alt_of,,0.0,OBSCURE
linage,lineage,alt_of,,1.4,RARE
lingenberry,lingonberry,alt_of,,0.0,OBSCURE
linguini,linguine,alt_of,,1.87,RARE
lipaemia,lipemia,alt_of,,0.0,OBSCURE
lipidaemia,lipidemia,alt_of,,0.0,OBSCURE
lipide,lipid,alt_of,,0.0,OBSCURE
liquidiser,liquidizer,alt_of,UK,0.0,OBSCURE
lister,leister,alt_of,,3.11,FAMILIAR
litchee,lychee,alt_of,,0.0,OBSCURE
litchi,lychee,alt_of,,1.84,RARE
liter,litre,alt_of,US,3.46,FAMILIAR
litoral,littoral,alt_of,,1.38,RARE
litre,litter,alt_of,,3.5,FAMILIAR
loadstar,lodestar,alt_of,,1.18,RARE
loadstone,lodestone,alt_of,,1.16,RARE
localisation,localization,alt_of,,2.45,UNCOMMON
lodgement,lodgment,alt_of,UK,1.85,RARE
logginess,loginess,alt_of,,0.0,OBSCURE
loofa,loofah,alt_of,,1.47,RARE
looney,loony,alt_of,,3.0,FAMILIAR
louvre,louver,alt_of,UK,3.14,FAMILIAR
luffa,loofah,alt_of,,1.42,RARE
lungyi,lungi,alt_of,,0.0,OBSCURE
lustre,luster,uk,UK,2.97,UNCOMMON
lutanist,lutenist,alt_of,,0.0,OBSCURE
lutecium,lutetium,alt_of,,0.0,OBSCURE
lutfisk,lutefisk,alt_of,,0.0,OBSCURE
lymphangiectasis,lymphangiectasia,alt_of,,0.0,OBSCURE
lynchpin,linchpin,alt_of,,2.0,UNCOMMON
lyophilisation,lyophilization,alt_of,,0.0,OBSCURE
lysogenisation,lysogenization,alt_of,,0.0,OBSCURE
macintosh,mackintosh,alt_of,UK,3.1,FAMILIAR
mackle,macule,alt_of,,1.42,RARE
madame,madam,alt_of,,3.8,FAMILIAR
madrasah,madrasa,alt_of,,1.72,RARE
maffia,mafia,alt_of,,1.44,RARE
magilp,megilp,alt_of,,0.0,OBSCURE
magnetisation,magnetization,alt_of,UK,1.36,RARE
maharajah,maharaja,alt_of,,2.28,UNCOMMON
maharanee,maharani,alt_of,,0.0,OBSCURE
mahlstick,maulstick,alt_of,,0.0,OBSCURE
maiolica,majolica,alt_of,,1.26,RARE
maisonnette,maisonette,alt_of,,0.0,OBSCURE
malarky,malarkey,alt_of,,1.53,RARE
malemute,malamute,alt_of,,0.0,OBSCURE
malodour,malodor,alt_of,,0.0,OBSCURE
mandibula,mandible,alt_of,,0.0,OBSCURE
mandioc,manioc,alt_of,,0.0,OBSCURE
mandril,mandrel,alt_of,,1.01,RARE
maneuverability,manoeuvrability,alt_of,US,2.64,UNCOMMON
manioca,manioc,alt_of,,0.0,OBSCURE
manoeuvre,maneuver,commonwealth,,3.03,FAMILIAR
manoeuvrer,maneuverer,alt_of,,0.0,OBSCURE
mantelet,mantlet,alt_of,,0.0,OBSCURE
manticora,manticore,alt_of,,0.0,OBSCURE
mantlepiece,mantelpiece,alt_of,,1.52,RARE
marchpane,marzipan,alt_of,,0.0,OBSCURE
margarin,margarine,alt_of,,0.0,OBSCURE
marginalisation,marginalization,alt_of,UK,2.19,UNCOMMON
marihuana,marijuana,dated,,2.17,UNCOMMON
markhoor,markhor,alt_of,,0.0,OBSCURE
marlinespike,marlinspike,alt_of,,0.0,OBSCURE
marlingspike,marlinspike,alt_of,,0.0,OBSCURE
marqueterie,marquetry,alt_of,,0.0,OBSCURE
marshall,marshal,alt_of,US,4.24,COMMON
masculinisation,masculinization,alt_of,,0.0,OBSCURE
masse,mass,alt_of,,3.15,FAMILIAR
mastabah,mastaba,alt_of,,0.0,OBSCURE
mastodont,mastodon,alt_of,,0.0,OBSCURE
materialisation,materialization,alt_of,UK,1.34,RARE
matt,matte,alt_of,,4.55,COMMON
matzah,matzo,alt_of,,1.9,RARE
matzoh,matzo,alt_of,,1.54,RARE
mavin,maven,alt_of,,1.66,RARE
maximisation,maximization,alt_of,,1.66,RARE
meany,meanie,alt_of,,2.31,UNCOMMON
mechanisation,mechanization,alt_of,UK,2.07,UNCOMMON
medallist,medalist,alt_of,UK,3.08,FAMILIAR
medivac,medevac,alt_of,,1.83,RARE
melaena,melena,alt_of,,0.0,OBSCURE
melioration,amelioration,alt_of,,1.18,RARE
memorialisation,memorialization,alt_of,UK,0.0,OBSCURE
memorisation,memorization,alt_of,,1.63,RARE
memoriser,memorizer,alt_of,,0.0,OBSCURE
mensh,mensch,alt_of,,0.0,OBSCURE
merl,merle,alt_of,,1.98,RARE
meshugaas,mishegoss,alt_of,,0.0,OBSCURE
meshuggeneh,meshuggener,alt_of,,0.0,OBSCURE
mesquit,mesquite,dated,,0.0,OBSCURE
metacenter,metacentre,alt_of,US,0.0,OBSCURE
methadon,methadone,alt_of,,0.0,OBSCURE
metronymic,matronymic,alt_of,,0.0,OBSCURE
mezcal,mescal,alt_of,,2.2,UNCOMMON
mezuza,mezuzah,alt_of,,0.0,OBSCURE
miaou,miaow,alt_of,,1.08,RARE
miaow,meow,uk,,1.83,RARE
mic,mike,alt_of,,3.81,FAMILIAR
micrometer,micrometre,alt_of,US,2.32,UNCOMMON
micromillimeter,micromillimetre,american,,0.0,OBSCURE
mierkat,meerkat,alt_of,,0.0,OBSCURE
milage,mileage,alt_of,,1.73,RARE
mileometer,milometer,alt_of,,0.0,OBSCURE
militarisation,militarization,alt_of,,1.81,RARE
millepede,millipede,dated,,0.0,OBSCURE
millimeter,millimetre,alt_of,US,3.13,FAMILIAR
milliped,millipede,alt_of,,0.0,OBSCURE
mina,myna,alt_of,,3.35,FAMILIAR
minah,myna,alt_of,,1.53,RARE
miniaturisation,miniaturization,alt_of,UK,1.5,RARE
minimisation,minimization,alt_of,,2.1,UNCOMMON
misbehaviour,misbehavior,alt_of,UK,2.2,UNCOMMON
misdemeanour,misdemeanor,alt_of,UK,2.21,UNCOMMON
mishegaas,mishegoss,alt_of,,0.0,OBSCURE
mishpachah,mishpocha,alt_of,,0.0,OBSCURE
missis,missus,alt_of,UK;US,1.92,RARE
miter,mitre,alt_of,US,2.39,UNCOMMON
mitrewort,miterwort,alt_of,,0.0,OBSCURE
mitsvah,mitzvah,alt_of,,0.0,OBSCURE
mizen,mizzen,alt_of,,1.78,RARE
mizenmast,mizzenmast,alt_of,,0.0,OBSCURE
mocassin,moccasin,alt_of,,0.0,OBSCURE
modeller,modeler,alt_of,UK,2.03,UNCOMMON
modernisation,modernization,alt_of,UK,2.97,UNCOMMON
mol,mole,alt_of,,3.16,FAMILIAR
mollusk,mollusc,alt_of,US,2.28,UNCOMMON
molt,moult,alt_of,US,2.37,UNCOMMON
momma,mama,alt_of,,3.41,FAMILIAR
momot,motmot,alt_of,,0.0,OBSCURE
monaul,monal,alt_of,,0.0,OBSCURE
moneron,moneran,alt_of,,0.0,OBSCURE
monetisation,monetization,alt_of,UK,1.96,RARE
monochromasy,monochromacy,alt_of,,0.0,OBSCURE
monocot,monocotyledon,alt_of,,1.52,RARE
monopolisation,monopolization,alt_of,,1.29,RARE
monopoliser,monopolizer,alt_of,,0.0,OBSCURE
moong,mung,alt_of,,1.68,RARE
moralisation,moralization,uk,,0.0,OBSCURE
mortgagor,mortgager,alt_of,,1.76,RARE
mortice,mortise,alt_of,,1.44,RARE
motorisation,motorization,alt_of,,1.13,RARE
moufflon,mouflon,alt_of,,0.0,OBSCURE
moujik,mujik,alt_of,,0.0,OBSCURE
mould,mold,commonwealth,,3.45,FAMILIAR
moulter,molter,alt_of,,0.0,OBSCURE
moustachio,mustachio,alt_of,,0.0,OBSCURE
muazzin,muezzin,alt_of,,0.0,OBSCURE
mujahadeen,mujahideen,alt_of,,1.35,RARE
mujahedeen,mujahideen,alt_of,,1.72,RARE
mujahedin,mujahideen,alt_of,,1.9,RARE
mumma,mama,alt_of,,2.09,UNCOMMON
munj,munja,alt_of,,0.0,OBSCURE
muscadel,muscatel,alt_of,,0.0,OBSCURE
musjid,masjid,alt_of,,0.0,OBSCURE
mustache,moustache,alt_of,US,3.41,FAMILIAR
muzhik,mujik,alt_of,,1.03,RARE
muzjik,mujik,alt_of,,0.0,OBSCURE
myeline,myelin,alt_of,,0.0,OBSCURE
myelinisation,myelinization,alt_of,,0.0,OBSCURE
mynah,myna,alt_of,,1.64,RARE
myosis,miosis,alt_of,,0.0,OBSCURE
myotic,miotic,alt_of,,0.0,OBSCURE
myriameter,myriametre,alt_of,,0.0,OBSCURE
mythologisation,mythologization,alt_of,,0.0,OBSCURE
myxoedema,myxedema,alt_of,,0.0,OBSCURE
nanometer,nanometre,alt_of,US,2.39,UNCOMMON
narcism,narcissism,alt_of,,0.0,OBSCURE
nargileh,narghile,alt_of,,0.0,OBSCURE
narwal,narwhal,alt_of,,1.21,RARE
narwhale,narwhal,alt_of,,0.0,OBSCURE
nasalisation,nasalization,alt_of,,0.0,OBSCURE
nationalization,nationalisation,american,,2.71,UNCOMMON
naturalisation,naturalization,alt_of,,2.08,UNCOMMON
nebuliser,nebulizer,alt_of,,1.22,RARE
neighbor,neighbour,alt_of,US,4.11,COMMON
neighbourhood,neighborhood,british,,3.94,FAMILIAR
neighbourliness,neighborliness,uk,,1.57,RARE
neuralgy,neuralgia,alt_of,,0.0,OBSCURE
neuropile,neuropil,alt_of,,0.0,OBSCURE
nigga,nigger,alt_of,,3.63,FAMILIAR
ninjitsu,ninjutsu,alt_of,,1.55,RARE
nitre,niter,uk,,1.51,RARE
nitroglycerin,nitroglycerine,alt_of,,2.42,UNCOMMON
nonsuch,nonesuch,alt_of,,1.66,RARE
nooky,nookie,alt_of,,1.09,RARE
noreaster,northeaster,alt_of,,0.0,OBSCURE
normalisation,normalization,alt_of,UK,2.31,UNCOMMON
normaliser,normalizer,alt_of,,0.0,OBSCURE
novelisation,novelization,alt_of,,1.5,RARE
noviciate,novitiate,alt_of,,0.0,OBSCURE
nub,noob,alt_of,,2.55,UNCOMMON
nucleole,nucleolus,alt_of,,0.0,OBSCURE
nudnick,nudnik,alt_of,,0.0,OBSCURE
nuna,noona,alt_of,,2.26,UNCOMMON
nybble,nibble,alt_of,,0.0,OBSCURE
obligato,obbligato,alt_of,,1.14,RARE
obstructor,obstructer,alt_of,,0.0,OBSCURE
ocher,ochre,alt_of,,2.04,UNCOMMON
ochre,okra,alt_of,,2.69,UNCOMMON
octette,octet,alt_of,,0.0,OBSCURE
odour,odor,uk,,2.96,UNCOMMON
oedema,edema,standard,,2.16,UNCOMMON
oesophagitis,esophagitis,alt_of,UK,0.0,OBSCURE
oesophagoscope,esophagoscope,alt_of,,0.0,OBSCURE
oestradiol,estradiol,british,,1.08,RARE
oestriol,estriol,alt_of,UK,0.0,OBSCURE
oestrogen,estrogen,alt_of,Commonwealth,2.4,UNCOMMON
oestrone,estrone,alt_of,UK,0.0,OBSCURE
olefine,olefin,alt_of,,0.0,OBSCURE
omelet,omelette,alt_of,US,2.63,UNCOMMON
omphalus,omphalos,alt_of,,0.0,OBSCURE
opsonisation,opsonization,alt_of,UK,0.0,OBSCURE
optimisation,optimization,alt_of,,2.73,UNCOMMON
orache,orach,alt_of,,0.0,OBSCURE
orangutang,orangutan,alt_of,,0.0,OBSCURE
oreide,oroide,alt_of,,0.0,OBSCURE
organdie,organdy,alt_of,,0.0,OBSCURE
organiser,organizer,alt_of,UK,3.11,FAMILIAR
orpin,orpine,alt_of,,0.0,OBSCURE
orthopaedics,orthopedics,alt_of,UK,2.32,UNCOMMON
orthopaedist,orthopedist,alt_of,Commonwealth,0.0,OBSCURE
orthopteron,orthopteran,alt_of,,0.0,OBSCURE
ottar,attar,alt_of,,1.23,RARE
ousel,ouzel,alt_of,,0.0,OBSCURE
overcapitalisation,overcapitalization,alt_of,,0.0,OBSCURE
overutilisation,overutilization,alt_of,,0.0,OBSCURE
oxalacetate,oxaloacetate,alt_of,,0.0,OBSCURE
oxidisation,oxidization,alt_of,UK,1.19,RARE
oxidiser,oxidizer,alt_of,UK,1.26,RARE
oxyhemoglobin,oxyhaemoglobin,alt_of,US,1.12,RARE
ozokerite,ozocerite,alt_of,,0.0,OBSCURE
pacha,pasha,alt_of,,2.41,UNCOMMON
pachouli,patchouli,alt_of,,0.0,OBSCURE
pacificist,pacifist,alt_of,,0.0,OBSCURE
padouk,padauk,alt_of,,0.0,OBSCURE
paederast,pederast,uk,,0.0,OBSCURE
paederasty,pederasty,alt_of,,0.0,OBSCURE
paediatrician,pediatrician,standard,Commonwealth,2.25,UNCOMMON
paediatrics,pediatrics,standard,Commonwealth,2.44,UNCOMMON
paedophile,pedophile,commonwealth,,2.85,UNCOMMON
paedophilia,pedophilia,uk,,2.36,UNCOMMON
paeony,peony,alt_of,,0.0,OBSCURE
palaeobotany,paleobotany,alt_of,,1.08,RARE
palaeogeology,paleogeology,alt_of,,0.0,OBSCURE
palaeology,paleology,alt_of,,0.0,OBSCURE
palaeontologist,paleontologist,alt_of,Commonwealth,2.11,UNCOMMON
palaeontology,paleontology,alt_of,Commonwealth,2.3,UNCOMMON
palaeopathology,paleopathology,alt_of,,0.0,OBSCURE
palaeozoology,paleozoology,alt_of,,0.0,OBSCURE
palankeen,palanquin,alt_of,,0.0,OBSCURE
paleencephalon,paleoencephalon,alt_of,,0.0,OBSCURE
paleoclimatology,palaeoclimatology,alt_of,,1.36,RARE
paleogeography,palaeogeography,alt_of,,1.48,RARE
palestra,palaestra,alt_of,US,1.53,RARE
pallette,palette,alt_of,,1.93,RARE
panetela,panatela,alt_of,,0.0,OBSCURE
panoche,panocha,alt_of,,1.21,RARE
pantie,panty,alt_of,,1.56,RARE
papaw,pawpaw,alt_of,,1.73,RARE
pappa,papa,alt_of,,2.2,UNCOMMON
pappoose,papoose,alt_of,,0.0,OBSCURE
paraesthesia,paresthesia,alt_of,,1.16,RARE
paraleipsis,paralipsis,alt_of,,0.0,OBSCURE
paralepsis,paraleipsis,alt_of,,0.0,OBSCURE
parallelopiped,parallelepiped,alt_of,,0.0,OBSCURE
paraquet,parakeet,alt_of,,0.0,OBSCURE
parasitaemia,parasitemia,alt_of,,0.0,OBSCURE
parchesi,pachisi,alt_of,,0.0,OBSCURE
parchisi,pachisi,alt_of,,0.0,OBSCURE
parlour,parlor,commonwealth,,3.14,FAMILIAR
paroquet,parakeet,alt_of,,0.0,OBSCURE
parrakeet,parakeet,alt_of,,0.0,OBSCURE
parroket,parakeet,alt_of,,0.0,OBSCURE
parroquet,parakeet,alt_of,,0.0,OBSCURE
particularisation,particularization,alt_of,,0.0,OBSCURE
partizan,partisan,dated,,2.34,UNCOMMON
pasteuriser,pasteurizer,alt_of,UK,0.0,OBSCURE
pasteurization,pasteurisation,alt_of,,2.17,UNCOMMON
pastil,pastille,alt_of,,0.0,OBSCURE
patchouly,patchouli,alt_of,,0.0,OBSCURE
pauperisation,pauperization,alt_of,,0.0,OBSCURE
pavan,pavane,alt_of,,2.02,UNCOMMON
paviour,pavior,alt_of,,0.0,OBSCURE
pavise,pavis,alt_of,,0.0,OBSCURE
pean,paean,alt_of,,1.45,RARE
peavey,peavy,alt_of,,2.13,UNCOMMON
pedagog,pedagogue,alt_of,US,0.0,OBSCURE
pedaler,pedaller,alt_of,US,0.0,OBSCURE
pedlar,peddler,alt_of,UK,1.89,RARE
pemican,pemmican,alt_of,,0.0,OBSCURE
penalisation,penalization,alt_of,,0.0,OBSCURE
pendent,pendant,alt_of,,2.07,UNCOMMON
peneplane,peneplain,alt_of,,0.0,OBSCURE
pennoncelle,pennoncel,alt_of,,0.0,OBSCURE
penoche,penuche,alt_of,,0.0,OBSCURE
penoncel,pennoncel,alt_of,,0.0,OBSCURE
penuchle,pinochle,alt_of,,0.0,OBSCURE
peptisation,peptization,alt_of,,0.0,OBSCURE
peripetia,peripeteia,alt_of,,0.0,OBSCURE
peripety,peripeteia,alt_of,,0.0,OBSCURE
perve,perv,alt_of,,1.45,RARE
pewit,peewit,alt_of,UK,0.0,OBSCURE
phaeochromocytoma,pheochromocytoma,alt_of,,0.0,OBSCURE
phantasma,phantasm,alt_of,,1.31,RARE
phantasy,fantasy,alt_of,,2.35,UNCOMMON
pharmacopeia,pharmacopoeia,alt_of,,1.79,RARE
philosophiser,philosophizer,alt_of,,0.0,OBSCURE
philtre,philter,alt_of,,1.15,RARE
phoney,phony,alt_of,,2.69,UNCOMMON
piaster,piastre,alt_of,,0.0,OBSCURE
picaninny,pickaninny,alt_of,,0.0,OBSCURE
piccaninny,pickaninny,alt_of,,0.0,OBSCURE
pichiciago,pichiciego,alt_of,,0.0,OBSCURE
pickax,pickaxe,alt_of,US,1.55,RARE
picknicker,picnicker,alt_of,,0.0,OBSCURE
picometer,picometre,alt_of,US,0.0,OBSCURE
pigmy,pygmy,alt_of,,1.72,RARE
pilaff,pilaf,alt_of,,0.0,OBSCURE
pilau,pilaf,alt_of,,1.58,RARE
pilaw,pilaf,alt_of,,0.0,OBSCURE
pinocle,pinochle,alt_of,,0.0,OBSCURE
pipal,peepul,alt_of,,1.36,RARE
piperin,piperine,alt_of,,0.0,OBSCURE
pipet,pipette,alt_of,US,1.17,RARE
pipistrel,pipistrelle,alt_of,,0.0,OBSCURE
pipul,peepul,alt_of,,0.0,OBSCURE
pirana,piranha,alt_of,,0.0,OBSCURE
pirogi,pierogi,alt_of,,0.0,OBSCURE
piroshki,pirozhki,alt_of,,0.0,OBSCURE
pitta,pita,alt_of,,2.42,UNCOMMON
pixy,pixie,alt_of,,1.79,RARE
plagiarisation,plagiarization,alt_of,,0.0,OBSCURE
plagiariser,plagiarizer,alt_of,,0.0,OBSCURE
plasticiser,plasticizer,alt_of,,0.0,OBSCURE
plectron,plectrum,alt_of,,0.0,OBSCURE
plessimeter,pleximeter,alt_of,,0.0,OBSCURE
plough,snowplough,alt_of,British,3.09,FAMILIAR
ploughman,plowman,alt_of,UK,1.84,RARE
ploughwoman,plowwoman,alt_of,UK,0.0,OBSCURE
ploughwright,plowwright,alt_of,UK,0.0,OBSCURE
plow,plough,alt_of,US,3.21,FAMILIAR
plowboy,ploughboy,alt_of,US,1.12,RARE
plowland,ploughland,alt_of,,0.0,OBSCURE
plowshare,ploughshare,alt_of,US,1.47,RARE
pluralisation,pluralization,alt_of,,0.0,OBSCURE
pneumonoconiosis,pneumoconiosis,alt_of,,0.0,OBSCURE
podsol,podzol,alt_of,,0.0,OBSCURE
poenology,penology,alt_of,,0.0,OBSCURE
poetiser,poetizer,alt_of,,0.0,OBSCURE
polarisation,polarization,alt_of,UK,2.52,UNCOMMON
poleax,poleaxe,alt_of,,0.0,OBSCURE
pollack,pollock,alt_of,,2.85,UNCOMMON
pollenation,pollination,alt_of,,0.0,OBSCURE
polliwog,pollywog,alt_of,,0.0,OBSCURE
polychaete,polychete,alt_of,,1.69,RARE
polymerisation,polymerization,alt_of,UK,1.73,RARE
polypropene,polypropylene,alt_of,,0.0,OBSCURE
popularisation,popularization,alt_of,UK,1.63,RARE
populariser,popularizer,alt_of,UK,0.0,OBSCURE
postillion,postilion,alt_of,,0.0,OBSCURE
pouffe,pouf,alt_of,,1.18,RARE
praesidium,presidium,alt_of,,1.48,RARE
praetorium,pretorium,alt_of,,1.58,RARE
predaceousness,predaciousness,alt_of,,0.0,OBSCURE
prejudgement,prejudgment,alt_of,,0.0,OBSCURE
premie,preemie,alt_of,,1.51,RARE
premiss,premise,alt_of,,1.19,RARE
pretence,pretense,british,,2.73,UNCOMMON
preterit,preterite,alt_of,,1.02,RARE
pretor,praetor,alt_of,,1.07,RARE
preventative,preventive,alt_of,,3.13,FAMILIAR
prevue,preview,alt_of,,1.35,RARE
privatisation,privatization,alt_of,UK,3.1,FAMILIAR
proboscidian,proboscidean,alt_of,,0.0,OBSCURE
procaryote,prokaryote,alt_of,,0.0,OBSCURE
prodroma,prodrome,alt_of,,0.0,OBSCURE
professionalisation,professionalization,alt_of,,1.68,RARE
programme,program,uk,UK,4.57,COMMON
prolapsus,prolapse,alt_of,,0.0,OBSCURE
propellent,propellant,alt_of,,1.3,RARE
propellor,propeller,alt_of,US,1.72,RARE
proteosome,proteasome,alt_of,,0.0,OBSCURE
prothalamium,prothalamion,alt_of,,0.0,OBSCURE
protoactinium,protactinium,alt_of,,0.0,OBSCURE
psilocyn,psilocin,alt_of,,0.0,OBSCURE
ptomain,ptomaine,alt_of,,0.0,OBSCURE
pulverisation,pulverization,alt_of,,0.0,OBSCURE
pummelo,pomelo,alt_of,,0.0,OBSCURE
punchayet,panchayat,alt_of,,0.0,OBSCURE
punkey,punkie,alt_of,,0.0,OBSCURE
punky,punkie,alt_of,,2.34,UNCOMMON
puree,puri,alt_of,,2.87,UNCOMMON
pussly,pussley,alt_of,,0.0,OBSCURE
pycnosis,pyknosis,alt_of,,0.0,OBSCURE
pyemia,pyaemia,alt_of,,0.0,OBSCURE
pyroxyline,pyroxylin,alt_of,,0.0,OBSCURE
pyxie,pixie,alt_of,,0.0,OBSCURE
qat,khat,alt_of,,1.86,RARE
quahaug,quahog,alt_of,,0.0,OBSCURE
quamash,camas,alt_of,,0.0,OBSCURE
quandang,quandong,alt_of,,0.0,OBSCURE
quantisation,quantization,alt_of,UK,1.14,RARE
quantong,quandong,alt_of,,0.0,OBSCURE
quarreller,quarreler,alt_of,,0.0,OBSCURE
quartette,quartet,alt_of,,1.59,RARE
quatercentennial,quatercentenary,alt_of,,0.0,OBSCURE
quicky,quickie,alt_of,,1.79,RARE
rachet,ratchet,alt_of,,1.5,RARE
racoon,raccoon,alt_of,,2.24,UNCOMMON
racquet,racket,alt_of,Commonwealth,2.7,UNCOMMON
raetam,retem,alt_of,,0.0,OBSCURE
ragee,ragi,alt_of,,0.0,OBSCURE
raja,rajah,alt_of,,3.31,FAMILIAR
rambotan,rambutan,alt_of,,0.0,OBSCURE
ramee,ramie,alt_of,,1.26,RARE
ramequin,ramekin,alt_of,,0.0,OBSCURE
rancour,rancor,alt_of,Australian;British;Canadian,2.15,UNCOMMON
randomisation,randomization,alt_of,UK,1.47,RARE
ranee,rani,alt_of,,1.56,RARE
raphia,raffia,alt_of,,1.23,RARE
ratafee,ratafia,alt_of,,0.0,OBSCURE
ratan,rattan,alt_of,,2.32,UNCOMMON
rateability,ratability,alt_of,,0.0,OBSCURE
rationalisation,rationalization,alt_of,UK,2.38,UNCOMMON
ratlin,ratline,alt_of,,0.0,OBSCURE
raven,ravin,alt_of,,3.79,FAMILIAR
ravine,ravin,alt_of,,3.15,FAMILIAR
razmataz,razzmatazz,alt_of,,0.0,OBSCURE
realisation,realization,alt_of,UK,3.2,FAMILIAR
rebato,rabato,alt_of,,0.0,OBSCURE
recission,rescission,alt_of,,0.0,OBSCURE
recognisance,recognizance,alt_of,,1.22,RARE
reenforcement,reinforcement,alt_of,,0.0,OBSCURE
reflexion,reflection,dated,UK,1.81,RARE
regularisation,regularization,alt_of,UK,1.56,RARE
relativisation,relativization,alt_of,,0.0,OBSCURE
remilitarisation,remilitarization,alt_of,,0.0,OBSCURE
reorganisation,reorganization,alt_of,UK,2.88,UNCOMMON
repellant,repellent,alt_of,,2.24,UNCOMMON
resister,resistor,alt_of,,1.91,RARE
reveler,reveller,alt_of,US,1.47,RARE
revery,reverie,alt_of,,1.1,RARE
revetement,revetment,alt_of,,0.0,OBSCURE
revitalisation,revitalization,alt_of,UK,2.07,UNCOMMON
rhaphe,raphe,alt_of,,0.0,OBSCURE
rhodomontade,rodomontade,dated,,0.0,OBSCURE
rhumba,rumba,alt_of,,1.76,RARE
riband,ribbon,alt_of,,2.09,UNCOMMON
ricksha,rickshaw,alt_of,,0.0,OBSCURE
ricrac,rickrack,alt_of,,0.0,OBSCURE
ridgil,ridgel,alt_of,,0.0,OBSCURE
rigamarole,rigmarole,alt_of,US,1.28,RARE
rigor,rigour,alt_of,US,3.07,FAMILIAR
rigour,rigor,alt_of,UK,2.67,UNCOMMON
rigourousness,rigorousness,alt_of,,0.0,OBSCURE
rijstafel,rijsttafel,alt_of,,0.0,OBSCURE
ringhals,rinkhals,alt_of,,0.0,OBSCURE
rivetter,riveter,alt_of,,0.0,OBSCURE
romanticisation,romanticization,alt_of,UK,1.05,RARE
roomy,roomie,alt_of,,2.67,UNCOMMON
rouble,ruble,alt_of,,2.15,UNCOMMON
rozelle,roselle,alt_of,,2.16,UNCOMMON
rubel,ruble,alt_of,,1.96,RARE
ruggedisation,ruggedization,alt_of,,0.0,OBSCURE
ruggelach,rugelach,alt_of,,0.0,OBSCURE
rumourmonger,rumormonger,alt_of,,0.0,OBSCURE
saber,sabre,alt_of,US,3.18,FAMILIAR
sacque,sack,alt_of,,0.0,OBSCURE
saddhu,sadhu,alt_of,,0.0,OBSCURE
saffranine,safranin,alt_of,,0.0,OBSCURE
sahuaro,saguaro,alt_of,,1.26,RARE
salaah,salat,alt_of,,1.49,RARE
salade,sallet,alt_of,,1.64,RARE
salah,salat,alt_of,,3.2,FAMILIAR
salpa,salp,alt_of,,1.29,RARE
saltpeter,saltpetre,alt_of,US,2.1,UNCOMMON
salwar,shalwar,alt_of,,2.15,UNCOMMON
sambur,sambar,alt_of,,0.0,OBSCURE
samisen,shamisen,alt_of,,0.0,OBSCURE
sandarach,sandarac,alt_of,,0.0,OBSCURE
sanfoin,sainfoin,alt_of,,0.0,OBSCURE
sang,sheng,alt_of,,4.1,COMMON
sanitarium,sanatorium,alt_of,US,2.66,UNCOMMON
sanitisation,sanitization,alt_of,UK,1.36,RARE
sanyasi,sannyasi,alt_of,,1.4,RARE
sapremia,sapraemia,alt_of,,0.0,OBSCURE
sarape,serape,alt_of,,0.0,OBSCURE
sarcenet,sarsenet,alt_of,,0.0,OBSCURE
sarcodinian,sarcodine,alt_of,,0.0,OBSCURE
saree,sari,alt_of,,2.63,UNCOMMON
savannah,savanna,alt_of,,3.62,FAMILIAR
saviour,savior,uk,,3.33,FAMILIAR
savor,savour,alt_of,American;US,2.98,UNCOMMON
savorlessness,savourlessness,alt_of,US,0.0,OBSCURE
savoury,savory,alt_of,Canada;UK,2.81,UNCOMMON
sax,zax,alt_of,,3.15,FAMILIAR
scampo,scampi,alt_of,,0.0,OBSCURE
scandalisation,scandalization,alt_of,,0.0,OBSCURE
scarabaeus,scarab,alt_of,,1.12,RARE
scepter,sceptre,american,,2.73,UNCOMMON
sceptic,skeptic,alt_of,UK,2.5,UNCOMMON
scepticism,skepticism,alt_of,UK,2.94,UNCOMMON
schematisation,schematization,alt_of,,0.0,OBSCURE
schemozzle,shemozzle,alt_of,,0.0,OBSCURE
schmalz,schmaltz,alt_of,,1.5,RARE
schmeer,schmear,alt_of,,0.0,OBSCURE
schnaps,schnapps,alt_of,,1.24,RARE
schnorkel,snorkel,alt_of,,0.0,OBSCURE
schrod,scrod,alt_of,,0.0,OBSCURE
schtick,shtick,alt_of,,2.31,UNCOMMON
schtik,shtick,alt_of,,0.0,OBSCURE
scollop,scallop,alt_of,,0.0,OBSCURE
scorper,scauper,alt_of,,0.0,OBSCURE
scramaseax,scramasax,alt_of,,0.0,OBSCURE
scrutiniser,scrutinizer,alt_of,,0.0,OBSCURE
secretariate,secretariat,alt_of,,0.0,OBSCURE
secreter,secretor,alt_of,,0.0,OBSCURE
sectionalisation,sectionalization,alt_of,,0.0,OBSCURE
secularisation,secularization,alt_of,UK,1.79,RARE
see,cee,alt_of,,6.1,CORE
seedman,seedsman,alt_of,,0.0,OBSCURE
selvedge,selvage,alt_of,,1.87,RARE
sensitisation,sensitization,alt_of,UK,1.68,RARE
sensitiser,sensitizer,alt_of,,0.0,OBSCURE
sentimentalisation,sentimentalization,alt_of,,0.0,OBSCURE
septicaemia,septicemia,alt_of,,2.14,UNCOMMON
sepulcher,sepulchre,alt_of,Canada;US,1.96,RARE
sequella,sequela,alt_of,,0.0,OBSCURE
serialisation,serialization,alt_of,UK,1.75,RARE
seriph,serif,alt_of,,0.0,OBSCURE
serjeant,sergeant,alt_of,,2.39,UNCOMMON
sermoniser,sermonizer,alt_of,,0.0,OBSCURE
sextette,sextet,alt_of,,0.0,OBSCURE
sharpy,sharpie,alt_of,,1.37,RARE
shaytan,shaitan,alt_of,,1.6,RARE
sheesha,shisha,alt_of,,1.38,RARE
sheik,sheikh,alt_of,,3.1,FAMILIAR
sheika,sheikha,alt_of,,1.09,RARE
sheikhdom,sheikdom,alt_of,,1.03,RARE
sherbert,sherbet,alt_of,US,1.9,RARE
sherd,shard,alt_of,,1.44,RARE
shibah,shiva,alt_of,,0.0,OBSCURE
shikse,shiksa,alt_of,,0.0,OBSCURE
shillalah,shillelagh,alt_of,,0.0,OBSCURE
shivah,shiva,alt_of,,1.18,RARE
shivaree,charivari,alt_of,,1.11,RARE
shlemiel,schlemiel,alt_of,,0.0,OBSCURE
shlep,schlep,alt_of,,0.0,OBSCURE
shlepper,schlepper,alt_of,,0.0,OBSCURE
shlimazel,schlimazel,alt_of,,0.0,OBSCURE
shlock,schlock,alt_of,,1.09,RARE
shlockmeister,schlockmeister,alt_of,,0.0,OBSCURE
shmaltz,schmaltz,alt_of,,0.0,OBSCURE
shmear,schmear,alt_of,,0.0,OBSCURE
shmo,schmo,alt_of,,0.0,OBSCURE
shmuck,schmuck,alt_of,,1.56,RARE
shnook,schnook,alt_of,,0.0,OBSCURE
shophar,shofar,alt_of,,0.0,OBSCURE
shote,shoat,alt_of,UK,0.0,OBSCURE
shovelboard,shuffleboard,alt_of,,0.0,OBSCURE
shoveller,shoveler,alt_of,,1.17,RARE
shtik,shtick,alt_of,,0.0,OBSCURE
shumac,sumac,dated,,0.0,OBSCURE
shwa,schwa,alt_of,,1.1,RARE
signalisation,signalization,alt_of,,0.0,OBSCURE
signior,signore,alt_of,,1.74,RARE
signor,signore,alt_of,,2.75,UNCOMMON
siliqua,silique,alt_of,,1.25,RARE
sillabub,syllabub,alt_of,,0.0,OBSCURE
simoon,simoom,alt_of,,0.0,OBSCURE
sirup,syrup,alt_of,,1.3,RARE
skag,skeg,alt_of,,1.55,RARE
skullduggery,skulduggery,alt_of,US,1.81,RARE
slack,slacks,attributive,,3.71,FAMILIAR
smidgeon,smidgen,alt_of,,1.53,RARE
smidgin,smidgen,alt_of,,0.0,OBSCURE
smoothy,smoothie,alt_of,,1.58,RARE
sniveller,sniveler,alt_of,,0.0,OBSCURE
snowplough,snowplow,alt_of,UK,1.4,RARE
socialisation,socialization,alt_of,,2.23,UNCOMMON
socialiser,socializer,alt_of,,0.0,OBSCURE
soh,so,alt_of,,2.25,UNCOMMON
soja,soya,alt_of,,1.97,RARE
solarisation,solarization,alt_of,,0.0,OBSCURE
solemnisation,solemnization,alt_of,,1.11,RARE
solmization,solmisation,alt_of,,0.0,OBSCURE
somatotrophin,somatotropin,alt_of,,0.0,OBSCURE
sombreness,somberness,alt_of,,0.0,OBSCURE
somerset,somersault,alt_of,,3.78,FAMILIAR
soochong,souchong,alt_of,,0.0,OBSCURE
soubriquet,sobriquet,alt_of,,1.45,RARE
souslik,suslik,alt_of,,0.0,OBSCURE
souvlakia,souvlaki,alt_of,,0.0,OBSCURE
soya,soy,alt_of,UK,2.74,UNCOMMON
spandril,spandrel,alt_of,,0.0,OBSCURE
specialisation,specialization,alt_of,UK,2.58,UNCOMMON
specialiser,specializer,alt_of,,0.0,OBSCURE
speciality,specialty,alt_of,UK,3.14,FAMILIAR
spectacle,spectacles,attributive,,3.61,FAMILIAR
spectre,specter,uk,,3.24,FAMILIAR
spelaeologist,speleologist,alt_of,,0.0,OBSCURE
spelaeology,speleology,alt_of,,0.0,OBSCURE
spick,spic,alt_of,,1.92,RARE
spik,spic,alt_of,,1.18,RARE
spiraea,spirea,alt_of,,1.58,RARE
spiritualisation,spiritualization,alt_of,UK,0.0,OBSCURE
spirochaete,spirochete,alt_of,,0.0,OBSCURE
spirt,spurt,alt_of,,1.84,RARE
spoondrift,spindrift,alt_of,,0.0,OBSCURE
sporophyl,sporophyll,alt_of,,0.0,OBSCURE
springbuck,springbok,alt_of,,0.0,OBSCURE
stabilisation,stabilization,alt_of,UK,2.69,UNCOMMON
stabiliser,stabilizer,alt_of,,2.17,UNCOMMON
standardisation,standardization,alt_of,UK,2.5,UNCOMMON
standardiser,standardizer,alt_of,,0.0,OBSCURE
steinbok,steenbok,alt_of,,0.0,OBSCURE
sterilisation,sterilization,alt_of,UK,2.39,UNCOMMON
steriliser,sterilizer,alt_of,UK,1.24,RARE
stigmatisation,stigmatization,alt_of,,1.65,RARE
stilboestrol,stilbestrol,uk,,0.0,OBSCURE
stockinette,stockinet,alt_of,,1.67,RARE
stogy,stogie,alt_of,,0.0,OBSCURE
straightjacket,straitjacket,alt_of,,1.81,RARE
stylisation,stylization,alt_of,UK,1.23,RARE
stymy,stymie,alt_of,,0.0,OBSCURE
styrax,storax,alt_of,,1.29,RARE
subsidisation,subsidization,alt_of,UK,1.42,RARE
subsidiser,subsidizer,alt_of,,0.0,OBSCURE
subtractor,subtracter,alt_of,,1.17,RARE
succor,succour,alt_of,US,2.15,UNCOMMON
succourer,succorer,alt_of,,0.0,OBSCURE
succulency,succulence,alt_of,,0.0,OBSCURE
sulphate,sulfate,alt_of,Commonwealth,2.59,UNCOMMON
sulphide,sulfide,alt_of,UK,2.37,UNCOMMON
sulphur,sulfur,alt_of,British;Commonwealth,3.18,FAMILIAR
sumach,sumac,alt_of,,1.11,RARE
summarisation,summarization,alt_of,UK,0.0,OBSCURE
summersault,somersault,alt_of,,1.21,RARE
summerset,somersault,alt_of,,1.73,RARE
sunglass,sunglasses,attributive,,2.17,UNCOMMON
suppresser,suppressor,alt_of,,0.0,OBSCURE
swathe,swath,alt_of,UK,2.29,UNCOMMON
sweetbriar,sweetbrier,alt_of,,1.57,RARE
swob,swab,alt_of,,0.0,OBSCURE
swop,swap,alt_of,,1.78,RARE
syllogiser,syllogizer,alt_of,,0.0,OBSCURE
sylva,silva,alt_of,,2.08,UNCOMMON
symbolisation,symbolization,alt_of,,0.0,OBSCURE
symboliser,symbolizer,alt_of,,0.0,OBSCURE
sympathiser,sympathizer,alt_of,UK,2.14,UNCOMMON
synchronisation,synchronization,alt_of,UK,2.29,UNCOMMON
synchroniser,synchronizer,alt_of,,0.0,OBSCURE
syneresis,synaeresis,alt_of,,1.15,RARE
synesthesia,synaesthesia,alt_of,US,2.25,UNCOMMON
synezesis,synizesis,alt_of,,0.0,OBSCURE
syntagm,syntagma,alt_of,,0.0,OBSCURE
synthesiser,synthesizer,alt_of,UK,1.91,RARE
syphon,siphon,alt_of,,2.04,UNCOMMON
systematisation,systematization,alt_of,UK,0.0,OBSCURE
systematiser,systematizer,alt_of,,0.0,OBSCURE
systemiser,systemizer,alt_of,,0.0,OBSCURE
tabooli,tabbouleh,alt_of,,0.0,OBSCURE
tabour,tabor,alt_of,,0.0,OBSCURE
tabouret,taboret,alt_of,,0.0,OBSCURE
tabu,taboo,alt_of,,2.34,UNCOMMON
tacheometer,tachymeter,alt_of,,0.0,OBSCURE
taira,tayra,alt_of,,1.91,RARE
tamal,tamale,alt_of,,1.63,RARE
tamandu,tamandua,alt_of,,0.0,OBSCURE
tambac,tombak,alt_of,,0.0,OBSCURE
tannia,tania,alt_of,,0.0,OBSCURE
tantaliser,tantalizer,alt_of,,0.0,OBSCURE
tappa,tapa,alt_of,,1.45,RARE
taradiddle,tarradiddle,alt_of,,0.0,OBSCURE
tatu,tattoo,alt_of,,1.97,RARE
teasle,teasel,alt_of,,0.0,OBSCURE
teazel,teasel,alt_of,,0.0,OBSCURE
teetotaller,teetotaler,british,,1.74,RARE
telfer,telpher,alt_of,,2.31,UNCOMMON
telferage,telpherage,alt_of,,0.0,OBSCURE
templet,template,alt_of,,0.0,OBSCURE
temporiser,temporizer,alt_of,,0.0,OBSCURE
tenderisation,tenderization,alt_of,,0.0,OBSCURE
tenderiser,tenderizer,alt_of,,0.0,OBSCURE
tendonitis,tendinitis,alt_of,,2.12,UNCOMMON
tendosynovitis,tenosynovitis,alt_of,,0.0,OBSCURE
tendrac,tenrec,alt_of,,0.0,OBSCURE
tenia,taenia,alt_of,,1.47,RARE
tepee,teepee,alt_of,,2.03,UNCOMMON
tercel,tiercel,alt_of,,1.65,RARE
territorialisation,territorialization,alt_of,,0.0,OBSCURE
terrorisation,terrorization,alt_of,,0.0,OBSCURE
tetrachlorethylene,tetrachloroethylene,alt_of,,0.0,OBSCURE
tetraskele,tetraskelion,alt_of,,0.0,OBSCURE
thalassaemia,thalassemia,alt_of,,1.49,RARE
theatre,theater,alt_of,Australia;Canada;New-Zealand;UK,4.52,COMMON
theatregoer,theatergoer,alt_of,,1.06,RARE
theologiser,theologizer,alt_of,,0.0,OBSCURE
theoriser,theorizer,alt_of,,0.0,OBSCURE
theorization,theorisation,alt_of,,1.37,RARE
thiamin,thiamine,alt_of,,1.83,RARE
thingmabob,thingamabob,alt_of,,0.0,OBSCURE
thingmajig,thingamajig,alt_of,,0.0,OBSCURE
thingumabob,thingamabob,alt_of,,0.0,OBSCURE
thingumajig,thingamajig,alt_of,,0.0,OBSCURE
thoracocentesis,thoracentesis,alt_of,,0.0,OBSCURE
thralldom,thraldom,alt_of,,0.0,OBSCURE
thrombopenia,thrombocytopenia,alt_of,,0.0,OBSCURE
thruway,throughway,alt_of,US,2.29,UNCOMMON
thyrocalcitonin,calcitonin,alt_of,,0.0,OBSCURE
thyrotrophin,thyrotropin,alt_of,,0.0,OBSCURE
thyroxin,thyroxine,alt_of,,1.03,RARE
tike,tyke,alt_of,,1.7,RARE
tipi,teepee,alt_of,,2.17,UNCOMMON
tire,tyre,us,US,4.02,COMMON
tiro,tyro,alt_of,,2.01,UNCOMMON
titbit,tidbit,alt_of,Commonwealth;Ireland;UK,1.45,RARE
tittivation,titivation,alt_of,,0.0,OBSCURE
toffy,toffee,alt_of,,0.0,OBSCURE
toilette,toilet,alt_of,,2.38,UNCOMMON
toitoi,toetoe,alt_of,,0.0,OBSCURE
tombac,tombak,alt_of,,0.0,OBSCURE
tompion,tampion,alt_of,,1.17,RARE
toponomy,toponymy,alt_of,,0.0,OBSCURE
tore,torus,alt_of,,3.71,FAMILIAR
tormenter,tormentor,alt_of,,1.28,RARE
totaliser,totalizer,alt_of,,0.0,OBSCURE
touraco,turaco,alt_of,,0.0,OBSCURE
townee,townie,alt_of,,0.0,OBSCURE
towny,townie,alt_of,,1.37,RARE
toxaemia,toxemia,alt_of,,0.0,OBSCURE
tranquility,tranquillity,american,,3.02,FAMILIAR
tranquilliser,tranquilizer,alt_of,UK,1.69,RARE
tranquillizer,tranquilizer,alt_of,US,1.17,RARE
transexual,transsexual,alt_of,,2.18,UNCOMMON
traveler,traveller,alt_of,US,3.57,FAMILIAR
travelog,travelogue,alt_of,US,1.04,RARE
trebucket,trebuchet,alt_of,,0.0,OBSCURE
trenail,treenail,alt_of,,0.0,OBSCURE
tribalisation,tribalization,alt_of,,0.0,OBSCURE
tricolor,tricolour,alt_of,US,2.49,UNCOMMON
tricorne,tricorn,alt_of,,1.51,RARE
troponomy,troponymy,alt_of,,0.0,OBSCURE
trunnel,treenail,alt_of,,0.0,OBSCURE
tryptophane,tryptophan,alt_of,,0.0,OBSCURE
tsatske,tchotchke,alt_of,,0.0,OBSCURE
tshatshke,tchotchke,alt_of,,0.0,OBSCURE
tsoris,tsuris,alt_of,,0.0,OBSCURE
tughrik,tugrik,alt_of,,0.0,OBSCURE
tularaemia,tularemia,alt_of,,0.0,OBSCURE
tumbrel,tumbril,alt_of,,0.0,OBSCURE
tumour,tumor,commonwealth,,3.39,FAMILIAR
tung,tongue,alt_of,,3.13,FAMILIAR
tunnage,tonnage,alt_of,,0.0,OBSCURE
tupek,tupik,alt_of,,0.0,OBSCURE
turacou,turaco,alt_of,,0.0,OBSCURE
turakoo,turaco,alt_of,,0.0,OBSCURE
turbulency,turbulence,alt_of,,0.0,OBSCURE
turnround,turnaround,alt_of,,1.13,RARE
twirp,twerp,alt_of,,1.14,RARE
tympani,timpani,alt_of,,1.86,RARE
tympanist,timpanist,alt_of,,0.0,OBSCURE
tyrocidin,tyrocidine,alt_of,,0.0,OBSCURE
tzar,tsar,alt_of,,1.85,RARE
tzarina,tsarina,alt_of,,0.0,OBSCURE
tzetze,tsetse,alt_of,,0.0,OBSCURE
undiscipline,indiscipline,alt_of,,0.0,OBSCURE
unfavourableness,unfavorableness,alt_of,,0.0,OBSCURE
unionisation,unionization,alt_of,UK,1.52,RARE
unitisation,unitization,alt_of,,0.0,OBSCURE
unraveller,unraveler,alt_of,,0.0,OBSCURE
uraemia,uremia,alt_of,,0.0,OBSCURE
urbanisation,urbanization,alt_of,,2.66,UNCOMMON
useableness,usableness,alt_of,,0.0,OBSCURE
utriculus,utricle,alt_of,,0.0,OBSCURE
vaccina,vaccinia,alt_of,,0.0,OBSCURE
vacuolisation,vacuolization,alt_of,,0.0,OBSCURE
vacuolization,vacuolation,alt_of,,1.07,RARE
valency,valence,alt_of,,1.83,RARE
valor,valour,alt_of,US,3.23,FAMILIAR
valse,waltz,alt_of,,1.87,RARE
vaporisation,vaporization,alt_of,,1.33,RARE
vaporiser,vaporizer,alt_of,,1.56,RARE
vapour,vapor,british,,3.02,FAMILIAR
vapourousness,vaporousness,alt_of,,0.0,OBSCURE
varment,varmint,alt_of,,0.0,OBSCURE
vascularisation,vascularization,alt_of,,0.0,OBSCURE
veldt,veld,dated,,1.91,RARE
vender,vendor,dated,,1.86,RARE
verandah,veranda,alt_of,Australia;India;New-Zealand,2.63,UNCOMMON
verbalisation,verbalization,alt_of,,0.0,OBSCURE
verbaliser,verbalizer,alt_of,,0.0,OBSCURE
victimisation,victimization,alt_of,,2.21,UNCOMMON
victimiser,victimizer,alt_of,,0.0,OBSCURE
victualer,victualler,alt_of,,0.0,OBSCURE
videodisk,videodisc,alt_of,,0.0,OBSCURE
vigor,vigour,alt_of,US,3.03,FAMILIAR
villainage,villeinage,alt_of,,0.0,OBSCURE
viremia,viraemia,alt_of,US,1.46,RARE
virilisation,virilization,alt_of,,0.0,OBSCURE
virtu,vertu,alt_of,,1.93,RARE
virucide,viricide,alt_of,,0.0,OBSCURE
virulency,virulence,alt_of,,0.0,OBSCURE
viscosimetry,viscometry,alt_of,,0.0,OBSCURE
visualisation,visualization,alt_of,UK,2.53,UNCOMMON
visualiser,visualizer,alt_of,,1.32,RARE
vitalisation,vitalization,alt_of,UK,0.0,OBSCURE
vitaliser,vitalizer,alt_of,,0.0,OBSCURE
vizor,visor,alt_of,,1.16,RARE
vocalisation,vocalization,alt_of,UK,1.49,RARE
vocaliser,vocalizer,alt_of,,0.0,OBSCURE
vodoun,voodoo,alt_of,,0.0,OBSCURE
vulcanisation,vulcanization,alt_of,UK,0.0,OBSCURE
vulcaniser,vulcanizer,alt_of,UK,0.0,OBSCURE
vulgarisation,vulgarization,alt_of,UK,0.0,OBSCURE
vulgariser,vulgarizer,alt_of,UK,0.0,OBSCURE
waggon,wagon,dated,UK,2.09,UNCOMMON
waggoner,wagoner,alt_of,UK,2.27,UNCOMMON
waggonwright,wagonwright,alt_of,,0.0,OBSCURE
wannabee,wannabe,alt_of,,1.4,RARE
warragal,warrigal,alt_of,,0.0,OBSCURE
watercolor,watercolour,alt_of,American,3.23,FAMILIAR
waw,vav,alt_of,Scotland,2.4,UNCOMMON
weirdy,weirdie,alt_of,,1.01,RARE
weisenheimer,wisenheimer,alt_of,,0.0,OBSCURE
welsher,welcher,alt_of,UK,0.0,OBSCURE
whacko,wacko,alt_of,,1.82,RARE
whidah,whydah,alt_of,,0.0,OBSCURE
whimsey,whimsy,alt_of,,1.22,RARE
whir,whirr,alt_of,,2.04,UNCOMMON
whisky,whiskey,alt_of,Australia;Canada;New-Zealand;Scotland,3.63,FAMILIAR
whizz,whiz,alt_of,UK,2.49,UNCOMMON
whizzbang,whizbang,alt_of,,0.0,OBSCURE
widgeon,wigeon,alt_of,,1.7,RARE
wikiup,wickiup,alt_of,,0.0,OBSCURE
willfulness,wilfulness,alt_of,US,1.62,RARE
wistaria,wisteria,alt_of,,0.0,OBSCURE
withe,wythe,alt_of,,2.11,UNCOMMON
wivern,wyvern,alt_of,,0.0,OBSCURE
wiz,whiz,alt_of,,3.13,FAMILIAR
wolfbane,wolfsbane,alt_of,,0.0,OBSCURE
womaniser,womanizer,alt_of,UK,1.94,RARE
woollen,woolen,alt_of,UK,2.74,UNCOMMON
worshiper,worshipper,alt_of,US,2.18,UNCOMMON
xanthophyl,xanthophyll,dated,US,0.0,OBSCURE
xerophthalmus,xerophthalmia,alt_of,,0.0,OBSCURE
yack,yak,alt_of,UK,1.83,RARE
yarmelke,yarmulke,alt_of,,0.0,OBSCURE
yarmulka,yarmulke,alt_of,,0.0,OBSCURE
yashmac,yashmak,alt_of,,0.0,OBSCURE
yeshivah,yeshiva,alt_of,,1.69,RARE
yobo,yobbo,alt_of,,1.76,RARE
yoghourt,yogurt,dated,,0.0,OBSCURE
yoghurt,yogurt,alt_of,UK,3.01,FAMILIAR
zamang,zaman,alt_of,,0.0,OBSCURE
zikkurat,ziggurat,alt_of,,0.0,OBSCURE
zikurat,ziggurat,alt_of,,0.0,OBSCURE
zombi,zombie,alt_of,,1.72,RARE
zoo,zoophile,alt_of,US,4.14,COMMON
zoril,zorille,alt_of,,0.0,OBSCURE
zumbooruck,zamburak,alt_of,,0.0,OBSCURE
zumbooruk,zamburak,alt_of,,0.0,OBSCURE
august,auguste,alt_of,,5.1,CORE
lin,linn,alt_of,Ireland;Scotland,3.8,FAMILIAR
dis,diss,alt_of,,3.73,FAMILIAR
cain,kain,alt_of,,3.54,FAMILIAR
aum,om,alt_of,,2.6,UNCOMMON
umma,ummah,alt_of,,2.26,UNCOMMON
tawney,tawny,alt_of,,2.1,UNCOMMON
stoke,stokes,alt_of,,3.73,FAMILIAR
sammy,sammie,alt_of,,3.6,FAMILIAR
trompe,tromp,alt_of,,2.21,UNCOMMON
rando,randomizer,alt_of,,2.35,UNCOMMON
erick,eric,alt_of,,2.89,UNCOMMON
fina,finasteride,alt_of,,2.81,UNCOMMON
jan,jinn,alt_of,,4.51,COMMON
repo,repossession,alt_of,,3.1,FAMILIAR
nanotech,nanotechnology,alt_of,,2.16,UNCOMMON
crypto,cryptocurrency,alt_of,,3.6,FAMILIAR
chemoinformatics,cheminformatics,alt_of,,0.0,OBSCURE
nunchuk,nunchaku,alt_of,,1.39,RARE
wan,one,alt_of,Ireland,3.8,FAMILIAR
genetrix,genitrix,alt_of,,1.04,RARE
yabbie,yabby,alt_of,,0.0,OBSCURE
yatagan,yataghan,alt_of,,0.0,OBSCURE
yate,gate,alt_of,,1.87,RARE
yogin,yogi,alt_of,,1.33,RARE
ypsilon,upsilon,alt_of,,1.12,RARE
adopt,adoptable,alt_of,,4.19,COMMON
amuck,amok,alt_of,,2.05,UNCOMMON
cozier,cosier,alt_of,,2.02,UNCOMMON
homey,homie,alt_of,,2.75,UNCOMMON
honourable,honorable,uk,,3.67,FAMILIAR
horsey,horsy,alt_of,,2.46,UNCOMMON
lacklustre,lackluster,alt_of,British,2.45,UNCOMMON
mediaeval,medieval,alt_of,Commonwealth,2.78,UNCOMMON
molder,moulder,alt_of,US,1.73,RARE
nosey,nosy,alt_of,,2.55,UNCOMMON
pamper,pampers,alt_of,,2.78,UNCOMMON
phrenetic,frenetic,alt_of,,0.0,OBSCURE
preventible,preventable,alt_of,,0.0,OBSCURE
resistent,resistant,alt_of,,1.56,RARE
royster,roister,alt_of,,1.95,RARE
sad,saad,alt_of,,4.84,COMMON
salable,saleable,alt_of,US,2.06,UNCOMMON
scaley,scaly,alt_of,,1.42,RARE
stanch,staunch,alt_of,US,1.93,RARE
staunch,stanch,alt_of,,3.2,FAMILIAR
woody,woodie,alt_of,,3.82,FAMILIAR
