variant,canonical,verdict,note,variant_pos,variant_lemma,wikt_variant_kind,zipf,tier
birthing,berthing,spelling_pair,,NOUN,birthing,alt_of,2.94,UNCOMMON
centring,centering,spelling_pair,,VERB,centre,alt_of,2.23,UNCOMMON
coding,coding,spelling_pair,,NOUN;VERB,coding,alt_of,3.81,FAMILIAR
colouring,coloring,spelling_pair,,VERB,colour,alt_of,3.22,FAMILIAR
combing,coaming,spelling_pair,,VERB,comb,alt_of,3.0,FAMILIAR
counselling,counseling,spelling_pair,,NOUN;VERB,counselling,alt_of,3.45,FAMILIAR
dubbing,dubbin,verb,,VERB,dub,alt_of,2.77,UNCOMMON
earring,earing,spelling_pair,,NOUN,earring,alt_of,3.08,FAMILIAR
faggoting,fagoting,spelling_pair,,VERB,faggot,alt_of,0.0,OBSCURE
flavouring,flavoring,spelling_pair,,NOUN,flavouring,british,2.36,UNCOMMON
fledgeling,fledgling,spelling_pair,,NOUN,fledgeling,alt_of,1.37,RARE
focussing,focusing,spelling_pair,,VERB,focus,commonwealth,2.81,UNCOMMON
fuelling,fueling,spelling_pair,,VERB,fuel,uk,2.59,UNCOMMON
gloam,gloaming,noise,,,,alt_of,0.0,OBSCURE
highjacking,hijacking,spelling_pair,,VERB,highjack,alt_of,1.05,RARE
king,qing,verb,,NOUN;VERB,king,alt_of,5.17,CORE
lightening,lightning,spelling_pair,,VERB,lighten,alt_of,3.04,FAMILIAR
lightning,lightening,spelling_pair,,NOUN;VERB,lightning,alt_of,4.22,COMMON
ling,linguistics,noise,,,,alt_of,3.51,FAMILIAR
mg,meaning,noise,,,,alt_of,4.12,COMMON
modelling,modeling,spelling_pair,,NOUN;VERB,modelling,commonwealth,3.7,FAMILIAR
moulding,molding,spelling_pair,,NOUN;VERB,moulding,alt_of,2.86,UNCOMMON
nurseling,nursling,spelling_pair,,,,alt_of,0.0,OBSCURE
packing,meatpacking,verb,,NOUN;VERB,packing,alt_of,4.06,COMMON
paneling,panelling,spelling_pair,,NOUN,paneling,alt_of,2.6,UNCOMMON
parceling,parcelling,spelling_pair,,VERB,parcel,alt_of,1.34,RARE
pargetting,pargeting,spelling_pair,,,,alt_of,0.0,OBSCURE
plowing,ploughing,verb,,VERB,plow,alt_of,2.88,UNCOMMON
rattling,ratline,verb,,ADJ;ADV;NOUN;VERB,rattling,alt_of,3.2,FAMILIAR
raveling,ravelling,spelling_pair,,VERB,ravel,alt_of,1.42,RARE
ridgling,ridgeling,spelling_pair,,,,alt_of,0.0,OBSCURE
savouring,savoring,spelling_pair,,VERB,savour,alt_of,2.1,UNCOMMON
shilling,schilling,spelling_pair,,NOUN,shilling,alt_of,3.17,FAMILIAR
sniveling,snivelling,spelling_pair,,VERB,snivel,alt_of,2.13,UNCOMMON
socialising,socializing,spelling_pair,,VERB,socialise,alt_of,2.58,UNCOMMON
tat,tatting,noise,,,,alt_of,3.35,FAMILIAR
thing,ting,spelling_pair,,NOUN,thing,alt_of,5.72,CORE
toweling,towelling,spelling_pair,,VERB,towel,alt_of,1.5,RARE
vaporing,vapouring,spelling_pair,,VERB,vapor,alt_of,0.0,OBSCURE
wainscoting,wainscotting,spelling_pair,,,,alt_of,2.1,UNCOMMON
channeling,channelling,spelling_pair,,VERB,channel,alt_of,3.08,FAMILIAR
agonising,agonizing,spelling_pair,,VERB,agonise,alt_of,2.36,UNCOMMON
apologising,apologizing,spelling_pair,,VERB,apologise,alt_of,2.76,UNCOMMON
appraising,apprising,spelling_pair,,VERB,appraise,alt_of,2.23,UNCOMMON
apprizing,apprising,spelling_pair,,VERB,apprize,alt_of,0.0,OBSCURE
attitudinising,attitudinizing,spelling_pair,,VERB,attitudinise,alt_of,0.0,OBSCURE
backpedalling,backpedaling,spelling_pair,,VERB,backpedal,alt_of,1.33,RARE
barrelling,barreling,spelling_pair,,VERB,barrel,alt_of,1.71,RARE
baulking,balking,spelling_pair,,VERB,baulk,alt_of,1.05,RARE
beveling,bevelling,spelling_pair,,VERB,bevel,alt_of,1.6,RARE
biassing,biasing,spelling_pair,,VERB,bias,alt_of,0.0,OBSCURE
binging,bingeing,spelling_pair,,VERB,binge,alt_of,2.41,UNCOMMON
bussing,busing,spelling_pair,,VERB,bus,alt_of,2.22,UNCOMMON
cataloging,cataloguing,spelling_pair,,VERB,catalog,alt_of,2.68,UNCOMMON
checkering,chequering,spelling_pair,,VERB,checker,alt_of,1.36,RARE
chiseling,chiselling,spelling_pair,,VERB,chisel,alt_of,1.93,RARE
dialling,dialing,spelling_pair,,VERB,dial,alt_of,2.45,UNCOMMON
duelling,dueling,spelling_pair,,VERB,duel,alt_of,2.42,UNCOMMON
dyking,diking,spelling_pair,,VERB,dyke,alt_of,0.0,OBSCURE
endeavouring,endeavoring,spelling_pair,,VERB,endeavour,alt_of,2.25,UNCOMMON
fantasising,fantasizing,spelling_pair,,VERB,fantasise,alt_of,1.88,RARE
faring,fairing,spelling_pair,,VERB,fare,alt_of,2.67,UNCOMMON
favouring,favoring,spelling_pair,,VERB,favour,alt_of,2.84,UNCOMMON
gamboling,gambolling,spelling_pair,,VERB,gambol,alt_of,1.04,RARE
gaoling,jailing,verb,,VERB,gaol,dated,0.0,OBSCURE
glueing,gluing,spelling_pair,,VERB,glue,alt_of,1.72,RARE
graveling,gravelling,spelling_pair,,VERB,gravel,alt_of,1.15,RARE
grueling,gruelling,spelling_pair,,ADJ,grueling,alt_of,2.93,UNCOMMON
imbedding,embedding,spelling_pair,,VERB,imbed,alt_of,1.35,RARE
imperilling,imperiling,spelling_pair,,VERB,imperil,alt_of,1.29,RARE
licencing,licensing,spelling_pair,,VERB,licence,alt_of,2.09,UNCOMMON
marshaling,marshalling,spelling_pair,,VERB,marshal,alt_of,2.09,UNCOMMON
marveling,marvelling,spelling_pair,,VERB,marvel,alt_of,2.22,UNCOMMON
nickeling,nickelling,spelling_pair,,VERB,nickel,alt_of,0.0,OBSCURE
ovaling,ovalling,spelling_pair,,VERB,oval,alt_of,0.0,OBSCURE
pedalling,pedaling,spelling_pair,,VERB,pedal,alt_of,2.19,UNCOMMON
penciling,pencilling,spelling_pair,,VERB,pencil,alt_of,1.66,RARE
plagiarising,plagiarizing,spelling_pair,,VERB,plagiarise,alt_of,1.75,RARE
quarreling,quarrelling,spelling_pair,,VERB,quarrel,alt_of,2.36,UNCOMMON
queueing,queuing,spelling_pair,,VERB,queue,alt_of,2.64,UNCOMMON
raping,rapping,spelling_pair,,VERB,rape,alt_of,3.54,FAMILIAR
reprograming,reprogramming,spelling_pair,,VERB,reprogram,alt_of,0.0,OBSCURE
romanticising,romanticizing,spelling_pair,,VERB,romanticise,alt_of,1.59,RARE
roystering,roistering,spelling_pair,,VERB,royster,alt_of,0.0,OBSCURE
shoveling,shovelling,spelling_pair,,VERB,shovel,alt_of,2.78,UNCOMMON
smoldering,smouldering,spelling_pair,,VERB,smolder,alt_of,2.75,UNCOMMON
spiraling,spiralling,spelling_pair,,VERB,spiral,alt_of,2.87,UNCOMMON
stencilling,stenciling,spelling_pair,,VERB,stencil,alt_of,1.48,RARE
swiveling,swivelling,spelling_pair,,VERB,swivel,alt_of,1.98,RARE
swopping,swapping,spelling_pair,,VERB,swop,alt_of,0.0,OBSCURE
sympathising,sympathizing,spelling_pair,,VERB,sympathise,alt_of,1.93,RARE
syphoning,siphoning,spelling_pair,,VERB,syphon,alt_of,1.29,RARE
tabletting,tableting,spelling_pair,,VERB,tablet,alt_of,0.0,OBSCURE
tantalising,tantalizing,spelling_pair,,ADJ;VERB,tantalising,alt_of,2.31,UNCOMMON
taxying,taxiing,spelling_pair,,VERB,taxi,alt_of,0.0,OBSCURE
temporising,temporizing,spelling_pair,,VERB,temporise,alt_of,0.0,OBSCURE
theorising,theorizing,spelling_pair,,VERB,theorise,alt_of,2.02,UNCOMMON
tunnelling,tunneling,spelling_pair,,VERB,tunnel,alt_of,2.52,UNCOMMON
worshiping,worshipping,spelling_pair,,VERB,worship,alt_of,2.8,UNCOMMON
